id,name,category,review_count,address,rating,number,image_url,custom_category
1,목구멍 율전점,"육류,고기요리",999+,경기 수원시 장안구 화산로233번길 46 1층,,031-293-9294,https://search.pstatic.net/common/?autoRotate=true&type=w560_sharpen&src=https://ldb-phinf.pstatic.net/20230615_253/1686790793946ISiOc_JPEG/3%B9%F8.jpg,한식
2,고기굽는교실 율전3반,"육류,고기요리",999+,경기 수원시 장안구 율전로98번길 9,4.7,0507-1479-8592,https://search.pstatic.net/common/?autoRotate=true&type=w560_sharpen&src=https://ldb-phinf.pstatic.net/20230915_138/1694761539253MqBUj_JPEG/temp_file.jpg,한식
3,봉수육,"족발,보쌈",999+,경기 수원시 장안구 율전로108번길 11 1층,4.59,0507-1460-0903,https://search.pstatic.net/common/?autoRotate=true&type=w560_sharpen&src=https://ldb-phinf.pstatic.net//20170607_114/1496834895537QbEYi_JPEG/IMG_0230.,한식
4,자명문,"카페,디저트",777,경기 수원시 장안구 율전로108번길 9 율전미주타운 1층 102호,4.69,0507-1315-4231,https://search.pstatic.net/common/?autoRotate=true&type=w560_sharpen&src=https://ldb-phinf.pstatic.net/20201124_92/16062108769605dpF3_JPEG/xSKJpp_WcxT4xlbe8Jsq6g-O.jpeg.jpg,카페
5,작은바와 서양면집 성대역본점,요리주점,765,경기 수원시 장안구 하률로 13 1층,,0507-1341-5669,https://search.pstatic.net/common/?autoRotate=true&type=w560_sharpen&src=https://video-phinf.pstatic.net/20240511_177/1715414067975nsYHf_JPEG/b50Jggg08E_03.jpg,양식
6,유케집 성대점,요리주점,88,경기 수원시 장안구 화산로213번길 15,,0507-1359-2593,https://search.pstatic.net/common/?autoRotate=true&type=w560_sharpen&src=https://ldb-phinf.pstatic.net/20240418_280/1713414940374zkb7P_JPEG/KakaoTalk_20240127_203513778.jpg,양식
7,청년밥상,한식,662,경기 수원시 장안구 서부로2136번길 10 1층,,0507-1307-1822,https://search.pstatic.net/common/?autoRotate=true&type=w560_sharpen&src=https://ldb-phinf.pstatic.net/20180225_138/1519553621617v7Jsk_JPEG/U-ImX3d6wQZ971GUdUZcseFi.JPG.jpg,한식
8,정성식탁,이탈리아음식,999+,경기 수원시 장안구 서부로2136번길 9 1층 정성식탁,,0507-1338-1190,https://search.pstatic.net/common/?autoRotate=true&type=w560_sharpen&src=https://video-phinf.pstatic.net/20240117_131/1705476870831MhP31_JPEG/d96a0b9d-b50a-11ee-a47c-a0369ffac498_03.jpg,양식
9,명동돈까스,돈가스,192,경기 수원시 장안구 서부로2106번길 17,4.7,031-297-7774,https://search.pstatic.net/common/?autoRotate=true&type=w560_sharpen&src=https://ldb-phinf.pstatic.net/20190130_250/1548822796022hR1JS_JPEG/x4BO5bIrZrEEjs5Y2aRWRAkE.jpeg.jpg,일식
10,플렁드,베이커리,584,경기 수원시 장안구 율전로 91 1층,,031-309-1488,https://search.pstatic.net/common/?autoRotate=true&type=w560_sharpen&src=https://ldb-phinf.pstatic.net/20210329_252/1617001144574iKNd6_JPEG/c40Q8BU5C1j-0fA56bNaKFcz.jpg,카페
11,보리네주먹고기,돼지고기구이,999+,경기 수원시 장안구 율전로98번길 6-9,4.8,0507-1306-5664,https://search.pstatic.net/common/?autoRotate=true&type=w560_sharpen&src=https://ldb-phinf.pstatic.net/20180412_154/1523463230838ekH3b_JPEG/0sJvbgM3RIhwj3NFjbI5vjVD.jpg,한식
12,에스쿱,이탈리아음식,664,경기 수원시 장안구 덕영대로445번길 37,5,0507-1480-3239,https://search.pstatic.net/common/?autoRotate=true&type=w560_sharpen&src=https://ldb-phinf.pstatic.net/20240229_283/1709195510094h1EzO_JPEG/IMG_3103.,양식
13,라잌댓,"카페,디저트",590,경기 수원시 장안구 덕영대로445번길 12,4.71,070-8285-0716,https://search.pstatic.net/common/?autoRotate=true&type=w560_sharpen&src=https://ldb-phinf.pstatic.net/20231222_202/17032400569145YmzA_JPEG/20231123_134629.jpg,카페
14,모수밀면,국수,612,경기 수원시 장안구 율전로107번길 5 해생빌딩 1층,4.48,031-278-7978,https://search.pstatic.net/common/?autoRotate=true&type=w560_sharpen&src=https://ldb-phinf.pstatic.net/20190413_43/1555089469003VU8pB_JPEG/v0TDKciSBFbadH2jiM0pb3LE.jpg,한식
15,서울24시감자탕,감자탕,999+,경기 수원시 장안구 서부로 2163,4.37,0507-1400-6557,https://search.pstatic.net/common/?autoRotate=true&type=w560_sharpen&src=https://ldb-phinf.pstatic.net/20150901_297/1441072496728884eG_JPEG/156058556322636_0.jpeg,한식
16,아늑,이탈리아음식,999+,경기 수원시 장안구 서부로2106번길 36-4 1층,,070-7766-7725,https://search.pstatic.net/common/?autoRotate=true&type=w560_sharpen&src=https://ldb-phinf.pstatic.net/20231210_80/1702176658239ea6DM_JPEG/GJS09200.jpg,양식
17,카페로디,"카페,디저트",847,경기 수원시 장안구 화산로213번길 11 2층,,0507-1476-5107,https://search.pstatic.net/common/?autoRotate=true&type=w560_sharpen&src=https://ldb-phinf.pstatic.net/20240403_287/1712073831973TkYy9_JPEG/KakaoTalk_20240403_002550738_01.jpg,카페
18,은행나무장어,"장어,먹장어요리",662,경기 수원시 장안구 서부로2135번길 27 풍천민물장어,,031-298-1314,https://search.pstatic.net/common/?autoRotate=true&type=w560_sharpen&src=https://ldb-phinf.pstatic.net/20230129_69/1674970151849aq03U_JPEG/828168AD-D503-4EAB-AD2C-CFD4AEB39109.jpeg,한식
19,보영만두 성대직영점,분식,999+,경기 수원시 장안구 화산로233번길 30,4.33,031-227-6700,https://search.pstatic.net/common/?autoRotate=true&type=w560_sharpen&src=https://ldb-phinf.pstatic.net/20201102_145/1604302866341Tu94d_JPEG/IBx_vcI-UBsS2YStJ8giUOW7.jpg,분식
20,카마타케제면소 성대역사점,"우동,소바",872,경기 수원시 장안구 서부로 2149 4층 405호 카마타케제면소,4.48,0507-1433-5681,https://search.pstatic.net/common/?autoRotate=true&type=w560_sharpen&src=https://ldb-phinf.pstatic.net/20171103_291/1509690721668FK3ga_JPEG/CMzcoczivZjEc3btvokZTnVs.jpg,일식
21,블랙스미스,양식,650,경기 수원시 장안구 화산로233번길 47 2층,,0507-1314-4184,https://search.pstatic.net/common/?autoRotate=true&type=w560_sharpen&src=https://ldb-phinf.pstatic.net/20240104_257/1704337618623A87Q0_JPEG/Untitled-2.jpg,양식
22,옥집,요리주점,704,경기 수원시 장안구 화산로233번길 25 1층,4.4,031-298-5029,https://search.pstatic.net/common/?autoRotate=true&quality=95&type=w750&src=https://ldb-phinf.pstatic.net/20201102_117/1604303753636tF4MO_JPEG/nNJLPctTnQpRD0R198r1ZfDb.jpg,양식
23,토기장이 오리&삼겹살 전문점,오리요리,999+,경기 수원시 장안구 서부로 2178,4.42,031-271-1118,https://search.pstatic.net/common/?autoRotate=true&type=w560_sharpen&src=https://ldb-phinf.pstatic.net/20220525_253/16534668400041ys8V_JPEG/IMG_3591.,한식
24,나츠비,일식당,836,경기 수원시 장안구 서부로2106번길 22 1층,,0507-1386-0676,https://search.pstatic.net/common/?autoRotate=true&type=w560_sharpen&src=https://ldb-phinf.pstatic.net/20230617_198/1686973797197gIdVM_JPEG/KakaoTalk_20230617_124858549.jpg,일식
25,명륜진사갈비 수원성균관대점,"육류,고기요리",999+,경기 수원시 장안구 서부로 2129-5 1층,,031-292-9333,https://search.pstatic.net/common/?autoRotate=true&type=w560_sharpen&src=https://video-phinf.pstatic.net/20240417_97/1713317669056nmWVo_JPEG/9f54445c-fc5a-11ee-be11-a0369ffac3c8_03.jpg,한식
26,최고집 원조 수구레,한식,581,경기 수원시 장안구 서부로 2107 1층 최고집 원조 수구레,4.79,070-8843-4329,https://search.pstatic.net/common/?autoRotate=true&type=w560_sharpen&src=https://ldb-phinf.pstatic.net/20230114_163/16736347572203rrHl_JPEG/20220821_212641.jpg,한식
27,포동이네 성대점,"초밥,롤",952,경기 수원시 장안구 율전로98번길 6-2,4.52,031-294-4988,https://search.pstatic.net/common/?autoRotate=true&type=w560_sharpen&src=https://ldb-phinf.pstatic.net/20190130_13/1548844467656qsaq5_JPEG/YdhvjPnZdT5wpi7qjBJSnpde.jpeg.jpg,일식
28,이라면본점,라면,294,경기 수원시 장안구 서부로2106번길 18,4.29,031-291-7611,https://search.pstatic.net/common/?autoRotate=true&type=w560_sharpen&src=https://ldb-phinf.pstatic.net/20150831_109/1441023592884rJKuk_JPEG/146453568623073_0.jpeg,한식
29,예감쪽갈비 수원성대점,돼지고기구이,592,경기 수원시 장안구 율전로98번길 6-9 2층,4.52,0507-1320-9866,https://search.pstatic.net/common/?autoRotate=true&type=w560_sharpen&src=https://ldb-phinf.pstatic.net/20220610_251/1654842226903XB0Rq_JPEG/20220511_193438.jpg,한식
30,미가라멘 성대본점,일본식라면,865,경기 수원시 장안구 서부로2106번길 38-2 1층,4.4,0507-1404-3375,https://search.pstatic.net/common/?autoRotate=true&type=w560_sharpen&src=https://ldb-phinf.pstatic.net/20240120_62/17057444905973g8av_JPEG/IMG_2633.jpeg,일식
31,키와마루아지,일본식라면,759,경기 수원시 장안구 서부로2105번길 26-3 1층 키와마루아지,4.34,031-292-8858,https://search.pstatic.net/common/?autoRotate=true&type=w560_sharpen&src=https://ldb-phinf.pstatic.net/20190130_206/1548844644552LY1KI_JPEG/HzUitXa47_g1roMRXck_ewap.jpeg.jpg,일식
32,오스테리아우노,"스파게티,파스타전문",761,경기 수원시 장안구 율전로98번길 7 102호,4.81,0507-1438-0196,https://search.pstatic.net/common/?autoRotate=true&type=w560_sharpen&src=https://ldb-phinf.pstatic.net/20230418_133/1681747359352mk6oh_JPEG/%BF%EC%B3%EB_%B7%CE%B0%ED.jpg,양식
33,정든닭발 성대점,닭발,498,경기 수원시 장안구 화산로233번길 61 2층 정든닭발 성대점,,0507-1315-2963,https://search.pstatic.net/common/?autoRotate=true&type=w560_sharpen&src=https://video-phinf.pstatic.net/20240507_144/17150202889563vsSR_JPEG/KTDVi89OBC_03.jpg,한식
34,부라보쪽갈비 성대점,"육류,고기요리",568,경기 수원시 장안구 화산로233번길 10 1층 부라보쪽갈비,4.41,031-291-8592,https://search.pstatic.net/common/?autoRotate=true&type=w560_sharpen&src=https://ldb-phinf.pstatic.net/20240316_251/1710553927612PQDUR_JPEG/KakaoTalk_20240315_174351290_29.jpg,한식
35,사거리다방,카페,445,경기 수원시 장안구 율전로85번길 2 상가 102호,4.45,0507-1435-4482,https://search.pstatic.net/common/?autoRotate=true&type=w560_sharpen&src=https://ldb-phinf.pstatic.net/20231213_158/1702476662641RAEVj_JPEG/1000018067.jpeg,카페
36,사우스스트릿,햄버거,339,경기 수원시 장안구 율전로 102-4 102호,4.57,0507-1321-1227,https://search.pstatic.net/common/?autoRotate=true&type=w560_sharpen&src=https://ldb-phinf.pstatic.net/20170921_250/1505968714601PFL0V_JPEG/8AnEJfpGQ_ryjwpow3URkfqN.jpg,버거
37,쟈스민,베트남음식,628,경기 수원시 장안구 화산로213번길 9-3,4.64,031-278-9886,https://search.pstatic.net/common/?autoRotate=true&type=w560_sharpen&src=https://ldb-phinf.pstatic.net/20170517_187/1494996538129zNUMG_JPEG/186467537877215_0.jpg,아시안
38,성대곱창,"곱창,막창,양",807,경기 수원시 장안구 율전로 96 1층 성대곱창,4.52,0507-1351-2328,https://search.pstatic.net/common/?autoRotate=true&type=w560_sharpen&src=https://ldb-phinf.pstatic.net/20240323_143/1711136790500b3t4x_JPEG/1711002707482.jpg,한식
39,담은샤브칼국수 직영1호점,"칼국수,만두",661,경기 수원시 장안구 화산로233번길 60 1층 정성담은샤브칼국수,4.51,031-291-1046,https://search.pstatic.net/common/?autoRotate=true&quality=95&type=w750&src=https://ldb-phinf.pstatic.net/20200429_158/1588159973770dyEBe_JPEG/3f6vg_hoplCXh4V1mBLU9nDB.jpg,한식
40,Four Run Burger,햄버거,999+,경기 수원시 장안구 만석로19번길 11-7 2층 포런버거,,070-8285-7371,https://search.pstatic.net/common/?autoRotate=true&type=w560_sharpen&src=https://ldb-phinf.pstatic.net/20230711_298/1689080977389Rvfcj_JPEG/KakaoTalk_20230711_220537780.jpg,버거
41,주량 성대직영점,요리주점,563,경기 수원시 장안구 서부로2105번길 26-8 101호,,0507-1342-3597,https://search.pstatic.net/common/?autoRotate=true&type=w560_sharpen&src=https://ldb-phinf.pstatic.net/20230910_60/1694326094937sE5MV_JPEG/IMG_7642.jpeg,양식
42,드럼통돌구이,닭갈비,441,경기 수원시 장안구 율전로108번길 9,4.57,031-297-7161,https://search.pstatic.net/common/?autoRotate=true&type=w560_sharpen&src=https://ldb-phinf.pstatic.net/20150831_111/1441024327885F5J5q_JPEG/35823675_0.jpeg,한식
43,택이네조개전골 성대점,조개요리,734,경기 수원시 장안구 율전로98번길 9 101호 택이네 조개전골,4.41,0507-1427-6201,https://search.pstatic.net/common/?autoRotate=true&type=w560_sharpen&src=https://ldb-phinf.pstatic.net/20190626_70/1561520942466WvUVf_JPEG/-Qx-cdFHH3RZFUcXiPhaemDy.jpg,한식
44,육연사 성균관대점,한식,141,경기 수원시 장안구 서부로2123번길 20 B동 101호,,0507-1492-2365,https://search.pstatic.net/common/?autoRotate=true&type=w560_sharpen&src=https://ldb-phinf.pstatic.net/20240216_279/1708081398242IwUvA_JPEG/KakaoTalk_20240130_165125479_02.jpg,한식
45,율천회관,한식,106,경기 수원시 장안구 서부로2126번길 24 율천회관,,031-548-0321,https://search.pstatic.net/common/?autoRotate=true&quality=95&type=w750&src=https://ldb-phinf.pstatic.net/20220609_169/1654770262281MnU7T_JPEG/20220609_180649.jpg,한식
46,하우짓 블랙,"카페,디저트",382,경기 수원시 장안구 화산로213번길 25 2층 하우짓 블랙,,0507-1399-7728,https://search.pstatic.net/common/?autoRotate=true&type=w560_sharpen&src=https://video-phinf.pstatic.net/20240429_46/17143729057932DezS_JPEG/WLCOygq7UP_03.jpg,카페
47,육가든,"육류,고기요리",999+,경기 수원시 장안구 화산로233번길 62 1층 육가든,,0507-1402-9395,https://search.pstatic.net/common/?autoRotate=true&type=w560_sharpen&src=https://ldb-phinf.pstatic.net/20230715_229/1689413759245Ddsx0_JPEG/KakaoTalk_20230709_192103504.jpg,한식
48,힌카쿠,일본식라면,371,경기 수원시 장안구 서부로2126번길 10,4.46,0507-1338-0169,https://search.pstatic.net/common/?autoRotate=true&type=w560_sharpen&src=https://ldb-phinf.pstatic.net/20201222_196/1608614026584Cex0k_JPEG/Aa5ZdHT25gyNMDB7sB9lHzXX.jpeg.jpg,일식
49,정통집 수원성대점,돼지고기구이,263,경기 수원시 장안구 서부로2105번길 12 1층,4.34,031-898-9292,https://search.pstatic.net/common/?autoRotate=true&type=w560_sharpen&src=https://ldb-phinf.pstatic.net/20190613_227/1560394602889vz5Ve_JPEG/l_ps6PsICXs9O5jtdWXG1rcO.jpg,한식
50,아무술집 성대직영점,"맥주,호프",377,경기 수원시 장안구 화산로233번길 56 101호,4.28,0507-1374-0317,https://search.pstatic.net/common/?autoRotate=true&type=w560_sharpen&src=https://ldb-phinf.pstatic.net/20230914_227/1694680202755m4Ca1_JPEG/IMG_4896.jpeg,양식
51,양푼동태탕,"매운탕,해물탕",999+,경기 수원시 장안구 서부로2168번길 13-10,4.38,031-242-6540,https://search.pstatic.net/common/?autoRotate=true&quality=95&type=w750&src=https://apis.naver.com/place/panorama/thumbnail/20601713/0?width=800&height=400&msgpad=1715445751088&md=akBloZubR4M9mTY%2FUPJNaJrnZcY%3D,한식
52,뎅과꼬치로 수원본점,"오뎅,꼬치",369,경기 수원시 장안구 서부로2105번길 26-8 102호,,0507-1409-0575,https://search.pstatic.net/common/?autoRotate=true&type=w560_sharpen&src=https://ldb-phinf.pstatic.net/20230806_198/16913115267926k91O_JPEG/20230409_182713.jpg,분식
53,오르카커피룸,"카페,디저트",418,경기 수원시 장안구 화산로 235 101호,,0507-1400-7866,https://search.pstatic.net/common/?autoRotate=true&type=w560_sharpen&src=https://ldb-phinf.pstatic.net/20220602_21/1654181534589bn6OH_JPEG/CD885100-CB19-4FDE-8D46-3687CC8257D1.jpeg,카페
54,인더비엣 수원성대점,베트남음식,902,경기 수원시 장안구 율전로108번길 23 인더비엣 수원성대점,,031-227-2007,https://search.pstatic.net/common/?autoRotate=true&type=w560_sharpen&src=https://ldb-phinf.pstatic.net/20210716_196/1626408411924cikb1_PNG/CsCgmBl0tKl6YIv1rucSg1nN.png,아시안
55,아그집쭈꾸미 성대점,주꾸미요리,349,경기 수원시 장안구 화산로233번길 12 2층 아그집쭈꾸미 수원성대점,4.43,0507-1336-9158,https://search.pstatic.net/common/?autoRotate=true&type=w560_sharpen&src=https://ldb-phinf.pstatic.net/20200929_42/1601356087188LNSne_JPEG/u2o40pHCZPry1fedYOxduMIy.jpg,한식
56,성대목장,한식,358,경기 수원시 장안구 서부로2105번길 16-1 성대하이퍼,4.52,031-295-4090,https://search.pstatic.net/common/?autoRotate=true&type=w560_sharpen&src=https://ldb-phinf.pstatic.net/20190624_209/1561334845199XijEd_JPEG/vdnyu-EK3aW3pmXtVOxZtSvB.jpg,한식
57,신화쭈꾸미 성대점,주꾸미요리,642,경기 수원시 장안구 서부로2126번길 4,,0507-1483-7335,https://search.pstatic.net/common/?autoRotate=true&type=w560_sharpen&src=https://video-phinf.pstatic.net/20240508_155/1715138219657zJFJN_JPEG/7vN5DDq1IU_03.jpg,한식
58,예술상,요리주점,304,경기 수원시 장안구 율전로 92 107호,4.56,010-5574-9158,https://search.pstatic.net/common/?autoRotate=true&type=w560_sharpen&src=https://ldb-phinf.pstatic.net/20200807_226/1596790966136hyD6F_JPEG/U3TmUQ-vHkrgb8kiwTUslGg4.jpg,양식
59,주야,요리주점,324,경기 수원시 장안구 서부로2135번길 30 1층 주야,,0507-1311-1657,https://search.pstatic.net/common/?autoRotate=true&type=w560_sharpen&src=https://ldb-phinf.pstatic.net/20220629_203/1656499453158usFxp_JPEG/9145A517-C085-41C1-A6A3-74B4F7DA8601.jpeg,양식
60,국수파동,국수,307,경기 수원시 장안구 화산로233번길 64 1층,4.53,031-291-8599,https://search.pstatic.net/common/?autoRotate=true&type=w560_sharpen&src=https://ldb-phinf.pstatic.net/20150901_255/1441048101757VOEgf_JPEG/126764407872511_0.jpg,한식
61,밀플랜 본점,"다이어트,샐러드",207,경기 수원시 장안구 율전로 90-6,,0507-1432-9445,https://search.pstatic.net/common/?autoRotate=true&type=w560_sharpen&src=https://ldb-phinf.pstatic.net/20210904_122/16306958149214ywX8_JPEG/y0Po_5rzJDf33nrJuk4ADzxC.JPG.jpg,카페
62,도래홍막창,"곱창,막창,양",458,경기 수원시 장안구 서부로2105번길 16-4 1층 도래홍막창,4.57,0507-1341-2630,https://search.pstatic.net/common/?autoRotate=true&type=w560_sharpen&src=https://ldb-phinf.pstatic.net/20210527_32/1622080819530cc8Cw_JPEG/eNSYhgAzN_zT0SkHLm4Js0NQ.jpeg.jpg,한식
63,홍구등갈비,"육류,고기요리",639,경기 수원시 장안구 서부로2168번길 5-13 1층,4.37,031-255-8292,https://search.pstatic.net/common/?autoRotate=true&type=w560_sharpen&src=https://ldb-phinf.pstatic.net/20150831_220/14410052045436BQyP_JPEG/SUBMIT_1401376788387_12040016.jpg,한식
64,감성,요리주점,89,경기 수원시 장안구 화산로233번길 55 1층,,0507-1406-6330,https://search.pstatic.net/common/?autoRotate=true&quality=95&type=w750&src=https://ldb-phinf.pstatic.net/20231107_16/1699351318516ujd7h_JPEG/%B0%A8%BC%BA_%B8%DE%C0%CE%BB%E7%C1%F8.jpg,양식
65,도레미파스타,이탈리아음식,264,경기 수원시 장안구 서부로2106번길 26-15 101호,4.59,0507-1486-5002,https://search.pstatic.net/common/?autoRotate=true&type=w560_sharpen&src=https://ldb-phinf.pstatic.net/20220407_34/16493282680118U2pX_JPEG/20220401_180032.jpg,양식
66,다또케이크,케이크전문,72,경기 수원시 장안구 화산로 235 301호,,0507-1422-1415,https://search.pstatic.net/common/?autoRotate=true&type=w560_sharpen&src=https://ldb-phinf.pstatic.net/20240209_300/1707485874953OdQHM_JPEG/73E885E1-0649-4E4E-BBC1-9FB12A811313.jpeg,카페
67,청년다방 수원성균관대점,분식,836,경기 수원시 장안구 화산로233번길 35,4.43,031-298-0111,https://search.pstatic.net/common/?autoRotate=true&type=w560_sharpen&src=https://ldb-phinf.pstatic.net/20240315_257/1710493386739cN9nt_JPEG/%B3%D7%C0%CC%B9%F6_%C7%C3%B7%B9%C0%CC%BD%BA_%B8%DE%B4%BA_%C8%AB%BA%B8_%C0%CC%B9%CC%C1%F6-06.jpg,분식
68,최가네,한식,221,경기 수원시 장안구 서부로2126번길 27 . 1층,,0507-1330-6885,https://search.pstatic.net/common/?autoRotate=true&type=w560_sharpen&src=https://ldb-phinf.pstatic.net/20230517_138/1684305110266i3Knc_JPEG/image.jpg,한식
69,오리엔탈가든,아시아음식,999+,경기 수원시 장안구 만석로19번길 11-7 111호 대일,4.52,031-271-5208,https://search.pstatic.net/common/?autoRotate=true&type=w560_sharpen&src=https://ldb-phinf.pstatic.net/20210518_154/1621336449251FJryS_JPEG/OEbWbhm_dy8o-TiHeTnLo7MZ.jpg,아시안
70,스타벅스 수원성균관대점,카페,999+,경기 수원시 장안구 서부로 2131,4.47,1522-3232,https://search.pstatic.net/common/?autoRotate=true&type=w560_sharpen&src=https://ldb-phinf.pstatic.net/20190828_93/1566953601239OT9MQ_PNG/xX7Wv642gXMoTI0DAv0hRymS.png,카페
71,소주방 율전점,"전통,민속주점",383,"경기 수원시 장안구 서부로2123번길 20-1 B동 103, 104호",,0507-1305-8192,https://search.pstatic.net/common/?autoRotate=true&type=w560_sharpen&src=https://ldb-phinf.pstatic.net/20230511_58/1683794233198fcPCF_PNG/%B1%E8%C4%A1%BE%EE%B9%AC%BF%EC%B5%BF.png,양식
72,몽키키친,양식,133,경기 수원시 장안구 화산로203번길 34 1층,,0507-1353-8075,https://search.pstatic.net/common/?autoRotate=true&type=w560_sharpen&src=https://video-phinf.pstatic.net/20240414_27/1713021354061Qyezf_JPEG/b77787c7-f9a8-11ee-be35-80615f0bcca8_03.jpg,양식
73,백령도바지락칼국수,"칼국수,만두",544,경기 수원시 장안구 화산로233번길 49 2층,,031-295-0727,https://search.pstatic.net/common/?autoRotate=true&type=w560_sharpen&src=https://ldb-phinf.pstatic.net/20201104_51/1604485989010nvtKL_JPEG/0MDeGztKVMwzk5gGSGQeV3fI.jpg,한식
74,백사104,요리주점,452,경기 수원시 장안구 화산로233번길 61 1층 백사104,,070-4007-1912,https://search.pstatic.net/common/?autoRotate=true&type=w560_sharpen&src=https://ldb-phinf.pstatic.net/20240117_233/1705441275059Rz27q_PNG/KakaoTalk_20240116_184015884.png,양식
75,정원,중식당,520,경기 수원시 장안구 서부로2123번길 34-3 2층,,031-546-1985,https://search.pstatic.net/common/?autoRotate=true&type=w560_sharpen&src=https://ldb-phinf.pstatic.net/20221008_19/1665216567549dOwJ7_JPEG/20221008_151342.jpg,중식
76,일성,일식당,184,경기 수원시 장안구 율전로 92 1층 105호,,0507-1436-0774,https://search.pstatic.net/common/?autoRotate=true&type=w560_sharpen&src=https://ldb-phinf.pstatic.net/20230521_237/1684669221349S9tKD_JPEG/KakaoTalk_20230319_142837559.jpg,일식
77,율전방앗간,한식,337,경기 수원시 장안구 율전로98번길 18-12,4.38,0507-1337-0215,https://search.pstatic.net/common/?autoRotate=true&type=w560_sharpen&src=https://ldb-phinf.pstatic.net/20230320_85/1679311837781Rp28Q_JPEG/AF41C5FE-0893-4E62-B2F4-E31177CAFE7F.jpeg,한식
78,엉터리생고기 수원성대역점,"육류,고기요리",291,경기 수원시 장안구 화산로 231-10 동경빌딩 2층,4.47,031-227-9232,https://search.pstatic.net/common/?autoRotate=true&type=w560_sharpen&src=https://video-phinf.pstatic.net/20240117_202/1705471805404yt8La_JPEG/0ab861b0-b4ff-11ee-b12f-a0369ffd9edc_03.jpg,한식
79,옛날사람,요리주점,165,경기 수원시 장안구 화산로233번길 17 2층,4.66,0507-1324-9194,https://search.pstatic.net/common/?autoRotate=true&type=w560_sharpen&src=https://ldb-phinf.pstatic.net/20200208_153/15811440252494kiQU_JPEG/dqwQ2DmAjsfOH23MlM5LlVbA.jpg,양식
80,일미리금계찜닭 수원 성균관대점,찜닭,457,경기 수원시 장안구 서부로2126번길 26 1층,4.6,0507-1347-4657,https://search.pstatic.net/common/?autoRotate=true&type=w560_sharpen&src=https://ldb-phinf.pstatic.net/20210220_266/1613811268655qtyk5_JPEG/I2zZZLLs8Pj98F57MwTbtL_C.jpg,한식
81,생마차 수원성대점,이자카야,124,경기 수원시 장안구 화산로233번길 49,,0507-1357-9838,https://search.pstatic.net/common/?autoRotate=true&type=w560_sharpen&src=https://ldb-phinf.pstatic.net/20231220_215/1703039948330vLL0F_PNG/01.png,일식
82,우리소양평해장국 성대점,감자탕,999+,경기 수원시 장안구 서부로 2179,4.36,031-268-8889,https://search.pstatic.net/common/?autoRotate=true&type=w560_sharpen&src=https://ldb-phinf.pstatic.net/20150831_125/1441003963505SemHe_JPEG/106858557042330_0.jpg,한식
83,합 성대직영2호점,요리주점,999+,경기 수원시 장안구 서부로2105번길 26-4 2층 합,,0507-1492-0703,https://search.pstatic.net/common/?autoRotate=true&type=w560_sharpen&src=https://video-phinf.pstatic.net/20240430_77/1714468536734u1M5V_JPEG/tCmzIG5UvA_03.jpg,양식
84,알촌 수원 성균관대점,퓨전음식,357,경기 수원시 장안구 서부로2106번길 32,4.57,031-227-7992,https://search.pstatic.net/common/?autoRotate=true&type=w560_sharpen&src=https://ldb-phinf.pstatic.net/20170728_43/1501214919586mAOd8_JPEG/1.jpg,아시안
85,황금족발수원성대점,"족발,보쌈",999+,경기 수원시 장안구 서부로 2125 율전빌딩,4.42,031-292-9335,https://search.pstatic.net/common/?autoRotate=true&type=w560_sharpen&src=https://ldb-phinf.pstatic.net/20181216_63/15449565046252HP5d_JPEG/UUYnEIqObyoGJJRiMMJU8zyv.jpg,한식
86,회조아,생선회,313,경기 수원시 장안구 화산로259번길 40 1층,4.5,0507-1335-5990,https://search.pstatic.net/common/?autoRotate=true&type=w560_sharpen&src=https://ldb-phinf.pstatic.net/20230530_133/1685435417036aXvC1_JPEG/20230407_165411.jpg,한식
87,육전면사무소 수원성균관대점,한식,157,경기 수원시 장안구 서부로 2115 1층,,031-297-7979,https://search.pstatic.net/common/?autoRotate=true&type=w560_sharpen&src=https://ldb-phinf.pstatic.net/20240426_273/1714114072264drupS_JPEG/%B4%EB%C7%A5%C0%CC%B9%CC%C1%F6.jpg,한식
88,동네아저씨 수원성아치점,"치킨,닭강정",136,경기 수원시 장안구 서부로2123번길 29 기인빌딩 2층,4.25,031-306-2888,https://search.pstatic.net/common/?autoRotate=true&type=w560_sharpen&src=https://ldb-phinf.pstatic.net/20201102_250/1604301821477PR6KL_JPEG/IPuIJhER8RB72jb6ov3LqxQR.jpg,치킨
89,벨라튀니지,양식,144,경기 수원시 장안구 서부로2106번길 21 왕돈까스,4.49,031-296-8327,https://search.pstatic.net/common/?autoRotate=true&quality=95&type=w750&src=https://apis.naver.com/place/panorama/thumbnail/37797164/0?width=800&height=400&msgpad=1715446241175&md=6MxNjecsHgnsjMsT3K%2BOBz0Ga4s%3D,양식
90,주꼬로 성대점,술집,420,경기 수원시 장안구 서부로2105번길 26-5 102호,,0507-1348-9341,https://search.pstatic.net/common/?autoRotate=true&type=w560_sharpen&src=https://video-phinf.pstatic.net/20240418_24/1713419991789CUjx6_JPEG/EkvMt9FHsx_03.jpg,양식
91,영통찌개지존 영통1호점,"찌개,전골",333,경기 수원시 장안구 화산로233번길 47 투다리,4.31,031-895-5638,https://search.pstatic.net/common/?autoRotate=true&type=w560_sharpen&src=https://ldb-phinf.pstatic.net/20190617_60/1560745784755ndPcn_JPEG/Nu0WJksEGhNUjGcHMWoObepF.jpg,한식
92,오아저씨철판,종합분식,51,경기 수원시 장안구 서부로2126번길 18 A동 1층 101호 좌측 오아저씨철판,,0507-1376-2407,https://search.pstatic.net/common/?autoRotate=true&quality=95&type=w750&src=https://ldb-phinf.pstatic.net/20221113_22/1668349045772WD75Q_JPEG/KakaoTalk_20221113_231505521.jpg,분식
93,웅이네 coffee&dessert,"카페,디저트",283,경기 수원시 장안구 율전로 90-7 1층 웅이네 coffee&dessert,,0507-1352-5279,https://search.pstatic.net/common/?autoRotate=true&type=w560_sharpen&src=https://ldb-phinf.pstatic.net/20230609_226/1686322635102y6TJq_JPEG/%BF%F5%C0%CC%B3%D7_%2819%29.jpeg,카페
94,상무네닭발집성대점,닭발,233,경기 수원시 장안구 율전로 93,4.39,031-292-8605,https://search.pstatic.net/common/?autoRotate=true&type=w560_sharpen&src=https://ldb-phinf.pstatic.net/20201103_205/1604390246487eCuhB_JPEG/r7VT-fx9OC0mDBjoZ68F-3lC.jpg,한식
95,버거스올마이티 수원성균관대점,햄버거,81,경기 수원시 장안구 율전로 92 1층 101호 버거스올마이티,,0507-1377-1645,https://search.pstatic.net/common/?autoRotate=true&type=w560_sharpen&src=https://ldb-phinf.pstatic.net/20240412_48/1712910168777Lpn1X_JPEG/2.jpg,버거
96,맥주호텔,"맥주,호프",340,경기 수원시 장안구 서부로2105번길 12 2층 맥주호텔,4.59,031-278-2220,https://search.pstatic.net/common/?autoRotate=true&type=w560_sharpen&src=https://ldb-phinf.pstatic.net/20200301_241/1583053788083SyQVr_JPEG/jyiIDA-p6o6bM2dMseTj1WPM.jpg,양식
97,천하일면 수원성대점,국수,270,경기 수원시 장안구 화산로233번길 46,4.5,031-227-4775,https://search.pstatic.net/common/?autoRotate=true&quality=95&type=w750&src=https://apis.naver.com/place/panorama/thumbnail/1346480236/0?width=800&height=400&msgpad=1715446339548&md=gmDW55rrcnpOiel7aYLH6LKxa1M%3D,한식
98,본죽&비빔밥cafe 수원율전점,죽,467,경기 수원시 장안구 서부로 2113 1층 본죽 비빔밥cafe 수원율전점,4.3,031-291-6288,https://search.pstatic.net/common/?autoRotate=true&type=w560_sharpen&src=https://ldb-phinf.pstatic.net/20240408_172/1712586425314YVGvU_PNG/do-messenger_screenshot.png,한식
99,경복궁개성손만두메밀소바전문점,"칼국수,만두",999+,경기 수원시 장안구 서부로 2171 1층 gs주유소옆,4.39,0507-1348-2313,https://search.pstatic.net/common/?autoRotate=true&type=w560_sharpen&src=https://ldb-phinf.pstatic.net/20200805_239/15966153142342Ef4d_JPEG/ELxnFVsMxuk6QqDcI3HBAP5X.jpg,한식
100,포크포크매콤돈가스칡불냉면,돈가스,610,경기 수원시 장안구 서부로2106번길 14,4.39,031-278-4209,https://search.pstatic.net/common/?autoRotate=true&type=w560_sharpen&src=https://ldb-phinf.pstatic.net/20150831_84/1441011559174Q93rj_JPEG/156857557326155_0.jpeg,일식
101,무지개맥주 성균관대점,"맥주,호프",257,경기 수원시 장안구 서부로2123번길 20 102호,,031-546-8932,https://search.pstatic.net/common/?autoRotate=true&type=w560_sharpen&src=https://ldb-phinf.pstatic.net/20230719_205/1689743624406ephfi_JPEG/KakaoTalk_20230712_201751998_01.jpg,양식
102,양뜰양꼬치,양꼬치,71,경기 수원시 장안구 화산로233번길 54 1층,,0507-1339-8628,https://search.pstatic.net/common/?autoRotate=true&type=w560_sharpen&src=https://ldb-phinf.pstatic.net/20231211_268/1702258623700JE9zU_JPEG/KakaoTalk_20231211_103011455_07.jpg,아시안
103,스타디움 펍,"맥주,호프",29,경기 수원시 장안구 화산로213번길 11 지하1층,,0507-1343-5342,https://search.pstatic.net/common/?autoRotate=true&type=w560_sharpen&src=https://ldb-phinf.pstatic.net/20240208_148/17073826902812LdUq_JPEG/P20240205_132535905_9D649530-A2D8-4E24-AC2E-B40DB243D57F.,양식
104,원숭이초밥,"초밥,롤",677,경기 수원시 장안구 하률로 7 101호 원숭이초밥,,070-8813-7777,https://search.pstatic.net/common/?autoRotate=true&type=w560_sharpen&src=https://ldb-phinf.pstatic.net/20220121_230/1642764107011mW38X_JPEG/%B8%C5%C0%E5%BF%DC%BA%CE_%BA%F1%BD%BA%B5%EB.jpg,일식
105,달쏭쿠키제작소,케이크전문,236,경기 수원시 장안구 서부로2167번길 51 . 1층 104호(율전동)달쏭쿠키제작소,,0507-1477-0623,https://search.pstatic.net/common/?autoRotate=true&type=w560_sharpen&src=https://ldb-phinf.pstatic.net/20240429_221/1714395179522IXk0g_JPEG/IMG_8141.jpeg,카페
106,본찌돈까스 성대점,돈가스,482,경기 수원시 장안구 서부로2106번길 22,4.46,031-297-1001,https://search.pstatic.net/common/?autoRotate=true&type=w560_sharpen&src=https://ldb-phinf.pstatic.net/20190130_16/1548826127514reaQ2_JPEG/aNFGeTi0PXFver8zzBr5slHC.jpeg.jpg,일식
107,루미네숯불닭갈비,닭갈비,374,경기 수원시 장안구 서부로2135번길 13 1층,4.49,031-292-1592,https://search.pstatic.net/common/?autoRotate=true&type=w560_sharpen&src=https://ldb-phinf.pstatic.net/20201101_235/1604233967904reqa5_JPEG/adGDFsajOYWnsKv0vn1OtUhv.jpg,한식
108,먹깨비김밥,김밥,999+,경기 수원시 장안구 서부로 2129-1,4.26,031-293-3369,https://search.pstatic.net/common/?autoRotate=true&type=w560_sharpen&src=https://ldb-phinf.pstatic.net/20170116_64/1484534222608mtU3F_JPEG/186066516722_0.jpg,분식
109,더에이치,바(BAR),176,경기 수원시 장안구 서부로2136번길 10 2층,,0507-1444-0416,https://search.pstatic.net/common/?autoRotate=true&type=w560_sharpen&src=https://ldb-phinf.pstatic.net/20240315_106/1710494394405i2VUk_JPEG/ED37CA3C-9D17-4651-8409-658CE8964358.jpeg,카페
110,디인카페,"카페,디저트",240,경기 수원시 장안구 덕영대로439번길 45 디인카페,,1661-8504,https://search.pstatic.net/common/?autoRotate=true&type=w560_sharpen&src=https://ldb-phinf.pstatic.net/20221104_96/1667532892028K2iA5_JPEG/KakaoTalk_20210826_020645483.jpg,카페
111,감스시,"초밥,롤",321,경기 수원시 장안구 서부로2123번길 17 우신빌딩 1층,4.53,031-253-3302,https://search.pstatic.net/common/?autoRotate=true&quality=95&type=w750&src=https://ldb-phinf.pstatic.net/20190617_299/1560743109339jUD2G_JPEG/DikdHctXH-n2X5pAt0TsxfSw.jpg,일식
112,1인자24시감자탕뼈해장국 율전점,감자탕,539,경기 수원시 장안구 화산로233번길 43,4.21,031-292-1020,https://search.pstatic.net/common/?autoRotate=true&quality=95&type=w750&src=https://ldb-phinf.pstatic.net/20201102_214/1604287346176YdjJA_JPEG/7OxtleumTXwGHtQr8UyEyWag.jpg,한식
113,텐푸라바사바사,일식당,447,경기 수원시 장안구 서부로 2112 1층 텐푸라 바사바사,,0507-1393-6266,https://search.pstatic.net/common/?autoRotate=true&type=w560_sharpen&src=https://ldb-phinf.pstatic.net/20231107_242/169933718165307xH0_JPEG/IMG_7825.jpeg,일식
114,섬세한남자,"카페,디저트",289,경기 수원시 장안구 율전로 93 101호,4.81,0507-1466-2505,https://search.pstatic.net/common/?autoRotate=true&type=w560_sharpen&src=https://ldb-phinf.pstatic.net/20230703_63/1688358754656SvzgI_JPEG/1687358779258.jpg,카페
115,롤링파스타 수원성균관대점,"스파게티,파스타전문",166,경기 수원시 장안구 서부로 2125 2층,,0507-1351-6515,https://search.pstatic.net/common/?autoRotate=true&type=w560_sharpen&src=https://ldb-phinf.pstatic.net/20201015_250/1602755939772zHGtz_PNG/9UobklwRwQuqLPAD0ynncnuq.png,양식
116,역전할머니맥주 성균관대점,"맥주,호프",529,경기 수원시 장안구 율전로108번길 23 역전할머니맥주,4.43,0507-1343-2213,https://search.pstatic.net/common/?autoRotate=true&type=w560_sharpen&src=https://ldb-phinf.pstatic.net/20221120_40/1668881639110mGgUF_JPEG/0C38F3D6-2855-4056-9868-09353F674D9E.jpeg,양식
117,노모어피자 정자천천점,피자,132,경기 수원시 장안구 만석로19번길 11-7 1층 107호,,0507-1391-2755,https://search.pstatic.net/common/?autoRotate=true&type=w560_sharpen&src=https://ldb-phinf.pstatic.net/20240116_3/1705376556071Xe3sT_JPEG/%B4%D9%BF%EE%B7%CE%B5%E5.jpg,피자
118,최고당돈가스 율전점,돈가스,554,경기 수원시 장안구 서부로2105번길 21 103호 최고당돈가스 율전점,,0507-1393-7993,https://search.pstatic.net/common/?autoRotate=true&type=w560_sharpen&src=https://ldb-phinf.pstatic.net/20220622_196/1655860863597zAqVK_JPEG/%C3%D6%B0%ED%B4%E7%B7%CE%B0%ED-1500x1500.jpg,일식
119,깡우동 성대점,포장마차,302,경기 수원시 장안구 화산로233번길 30 1층 102호,4.45,0507-1429-0998,https://search.pstatic.net/common/?autoRotate=true&type=w560_sharpen&src=https://ldb-phinf.pstatic.net/20240109_271/1704789037767coYiX_JPEG/%B1%F8%BF%EC%B5%BF_%2811%29.jpg,한식
120,카페롤랑,"카페,디저트",354,경기 수원시 장안구 율전로85번길 20 1층 카페롤랑,4.35,031-298-8366,https://search.pstatic.net/common/?autoRotate=true&type=w560_sharpen&src=https://naverbooking-phinf.pstatic.net/20230512_81/1683861727949DiODs_JPEG/DEDE189F-07EF-4344-A0C3-79C2425EA6B7.jpeg,카페
121,비건디저트 모앤더비,"카페,디저트",399,경기 수원시 장안구 율전로 105 모앤더비,,0507-1351-8462,https://search.pstatic.net/common/?autoRotate=true&type=w560_sharpen&src=https://ldb-phinf.pstatic.net/20240418_275/1713422868869Qs6UR_JPEG/B317D0AE-8307-42EB-A119-7087B0ACD1F7.jpeg,카페
122,선참치,생선회,281,경기 수원시 장안구 서부로2105번길 26-4,4.11,031-278-3785,https://search.pstatic.net/common/?autoRotate=true&type=w560_sharpen&src=https://ldb-phinf.pstatic.net/20220721_67/1658392770263yBaYl_JPEG/%C1%F8%C4%DA%BD%BA_02.jpg,한식
123,르뱅베이커리,베이커리,438,경기 수원시 장안구 서부로2135번길 13,4.65,0507-1439-4050,https://search.pstatic.net/common/?autoRotate=true&type=w560_sharpen&src=https://ldb-phinf.pstatic.net/20190317_187/15528219100004aKhG_JPEG/h-3vf0Fx0EX-BJ5ILVqEJ5FH.jpg,카페
124,교촌치킨 율전1호점,"치킨,닭강정",844,경기 수원시 장안구 서부로2123번길 34-3 율전1호점,4.22,031-292-9898,https://search.pstatic.net/common/?autoRotate=true&type=w560_sharpen&src=https://ldb-phinf.pstatic.net/20221130_290/1669782289053g3gih_JPEG/%B1%B3%C3%CC%C4%A1%C5%B2_%BD%C5%B1%D4_BI_%BE%C6%C0%CC%C4%DC%28%C4%AB%C4%AB%BF%C0%29.jpg,치킨
125,하노이맥주밤거리 수원성대점,요리주점,187,경기 수원시 장안구 율전로108번길 20 1층,,0507-1417-6770,https://search.pstatic.net/common/?autoRotate=true&type=w560_sharpen&src=https://video-phinf.pstatic.net/20240104_62/1704342715060oekMy_JPEG/2e337fc2-aaba-11ee-b989-80615f0bcf00_03.jpg,양식
126,동네빈대떡 성대직영점,"전,빈대떡",256,경기 수원시 장안구 율전로 90-4 (한종빌딩 1층) 동네빈대떡,,031-296-0530,https://search.pstatic.net/common/?autoRotate=true&type=w560_sharpen&src=https://ldb-phinf.pstatic.net/20220504_298/1651644777989P0l0N_JPEG/5B09FE9F-F3D5-4A47-BE38-11AAF0F8A778.jpeg,분식
127,편백회관 천천점,샤브샤브,373,경기 수원시 장안구 만석로19번길 11-7 8층 편백회관,,0507-1360-9065,https://search.pstatic.net/common/?autoRotate=true&type=w560_sharpen&src=https://video-phinf.pstatic.net/20240502_39/17146384374137XyTB_JPEG/QrVF3OkkbM_03.jpg,한식
128,명가양꼬치,양꼬치,189,경기 수원시 장안구 서부로2105번길 21,,031-292-1788,https://search.pstatic.net/common/?autoRotate=true&type=w560_sharpen&src=https://ldb-phinf.pstatic.net/20220118_289/1642489685350CEqu2_JPEG/8CACEC3F-24FA-4BE8-9BAE-2EAD74D24ABC.jpeg,아시안
129,Not alone,"카페,디저트",142,경기 수원시 장안구 화산로213번길 9-3 1층 Not alone,,0507-1351-7074,https://search.pstatic.net/common/?autoRotate=true&type=w560_sharpen&src=https://ldb-phinf.pstatic.net/20230306_104/1678085297529OC3MI_JPEG/KakaoTalk_20221122_112201582_08.jpg,카페
130,육식,돼지고기구이,150,경기 수원시 장안구 율전로 92 106호,,0507-1379-6501,https://search.pstatic.net/common/?autoRotate=true&type=w560_sharpen&src=https://ldb-phinf.pstatic.net/20220315_44/1647320750470qL72o_JPEG/1647320591512-1.jpg,한식
131,휘미관,한식,162,경기 수원시 장안구 서부로2105번길 29 1층 휘미관,,031-295-2023,https://search.pstatic.net/common/?autoRotate=true&type=w560_sharpen&src=https://ldb-phinf.pstatic.net/20230916_213/1694796321125MmjTx_JPEG/R_%B8%F0%B5%EB%BC%F6%C0%B04.jpg,한식
132,지코바치킨 율전점,"치킨,닭강정",408,경기 수원시 장안구 서부로2126번길 17 a동 2호,4.45,031-296-9582,https://search.pstatic.net/common/?autoRotate=true&type=w560_sharpen&src=https://ldb-phinf.pstatic.net/20201031_126/1604144725617FYO6C_JPEG/x9ymPZLPL5d2xE9hYNfV_FvQ.jpg,치킨
133,철길부산집 수원성균관대점,이자카야,39,경기 수원시 장안구 율전로108번길 20 1층 일부호,,0507-1365-7081,https://search.pstatic.net/common/?autoRotate=true&type=w560_sharpen&src=https://ldb-phinf.pstatic.net/20240304_168/1709520748972B0CpM_PNG/2_%BA%CE%BB%EA%C1%FD_%C0%CC%B9%CC%C1%F6_%B8%C5%C0%E52.,일식
134,만취,요리주점,33,경기 수원시 장안구 화산로233번길 38 2층 202호,,0507-1481-1644,https://search.pstatic.net/common/?autoRotate=true&type=w560_sharpen&src=https://ldb-phinf.pstatic.net/20240123_129/1705992808950CYxww_JPEG/1.jpg,양식
135,바바플,와플,222,경기 수원시 장안구 서부로2126번길 30 1층 바바플,4.67,031-291-4917,https://search.pstatic.net/common/?autoRotate=true&quality=95&type=w750&src=https://ldb-phinf.pstatic.net/20190329_126/155384627969625Bbx_JPEG/M9ur3cZTuvDEqzxwjf58d0hu.jpg,카페
136,히닭발,닭발,236,경기 수원시 장안구 율전로98번길 18-4 1층 히닭발,,031-227-8875,https://search.pstatic.net/common/?autoRotate=true&type=w560_sharpen&src=https://ldb-phinf.pstatic.net/20160907_224/1473183728438drwHa_JPEG/176857427227685_0.jpeg,한식
137,일미닭갈비파전 성대점,닭갈비,241,경기 수원시 장안구 서부로2106번길 21 2층,4.59,031-296-6641,https://search.pstatic.net/common/?autoRotate=true&type=w560_sharpen&src=https://ldb-phinf.pstatic.net/20230811_278/1691734084405dVCKO_JPEG/20230811_150111.jpg,한식
138,맥도날드 수원 성균관대점,햄버거,999+,경기 수원시 장안구 서부로 2127,4.38,031-890-6000,https://search.pstatic.net/common/?autoRotate=true&quality=95&type=w750&src=https://apis.naver.com/place/panorama/thumbnail/33980562/0?width=800&height=400&msgpad=1715446857262&md=5Pyyq5WfWqJ%2Bt9mzMR7DUrxF9rQ%3D,버거
139,부산꼼장어,"장어,먹장어요리",48,경기 수원시 장안구 덕영대로425번길 12 1층,,0507-1323-8221,https://search.pstatic.net/common/?autoRotate=true&type=w560_sharpen&src=https://ldb-phinf.pstatic.net/20220610_284/1654827505427dWkc7_JPEG/KakaoTalk_20220526_132746326.jpg,한식
140,아이엠바리스타,카페,205,경기 수원시 장안구 서부로 2132,4.67,031-227-0866,https://search.pstatic.net/common/?autoRotate=true&type=w560_sharpen&src=https://ldb-phinf.pstatic.net/20150831_209/1440992639083nl8hY_JPEG/137155584244785_0.jpeg,카페
141,춘천닭갈비칡냉면,닭갈비,440,경기 수원시 장안구 화산로233번길 64,,031-291-3338,https://search.pstatic.net/common/?autoRotate=true&type=w560_sharpen&src=https://ldb-phinf.pstatic.net/20201103_96/16044049097926vED5_JPEG/2tHHx-azpeD3efEmH0buM9Ra.jpg,한식
142,밀주집,요리주점,52,경기 수원시 장안구 화산로233번길 38 지하1층,,0507-1374-2007,https://search.pstatic.net/common/?autoRotate=true&type=w560_sharpen&src=https://ldb-phinf.pstatic.net/20230908_142/1694112163308YbKq5_JPEG/IMG_7729.jpeg,양식
143,파치 성대점,"스파게티,파스타전문",238,경기 수원시 장안구 서부로 2136 지하 1층,,0507-1491-0410,https://search.pstatic.net/common/?autoRotate=true&type=w560_sharpen&src=https://ldb-phinf.pstatic.net/20220822_245/1661165551082rVly0_JPEG/%B8%C5%C0%E5%BB%E7%C1%F81.jpg,양식
144,한남동그집 성대역점,요리주점,113,경기 수원시 장안구 서부로2123번길 20 1층 104호,,0507-1339-1152,https://search.pstatic.net/common/?autoRotate=true&type=w560_sharpen&src=https://ldb-phinf.pstatic.net/20231102_40/1698899159181wA0p6_JPEG/17.jpg,양식
145,황소마을 곱창,"곱창,막창,양",158,경기 수원시 장안구 서부로2105번길 12 황소마을곱창,,031-278-0212,https://search.pstatic.net/common/?autoRotate=true&type=w560_sharpen&src=https://ldb-phinf.pstatic.net/20220311_91/1646997951088c1guI_JPEG/20220311_202359.jpg,한식
146,태화루,중식당,430,경기 수원시 장안구 서부로2181번길 46 제일성모의원1층 태화루,4.25,031-271-6006,https://search.pstatic.net/common/?autoRotate=true&type=w560_sharpen&src=https://ldb-phinf.pstatic.net/20220831_74/1661915610969OAydG_JPEG/downloadfile-3.jpg,중식
147,십인치,양식,63,경기 수원시 장안구 화산로233번길 56 2층,,0507-1304-0798,https://search.pstatic.net/common/?autoRotate=true&type=w560_sharpen&src=https://ldb-phinf.pstatic.net/20240307_255/1709822307734Vin6z_JPEG/%BF%F8%C7%FC%B7%CE%B0%ED.jpg,양식
148,행컵 성균관대점,"도시락,컵밥",270,경기 수원시 장안구 서부로2126번길 30,4.43,031-291-2150,https://search.pstatic.net/common/?autoRotate=true&type=w560_sharpen&src=https://ldb-phinf.pstatic.net/20240306_214/1709714000734yGaYU_JPEG/002.jpg,한식
149,우특심한우곱창,"곱창,막창,양",378,경기 수원시 장안구 율전로 90-10,4.28,031-292-9901,https://search.pstatic.net/common/?autoRotate=true&type=w560_sharpen&src=https://ldb-phinf.pstatic.net/20170801_228/1501590206012hmYfQ_GIF/186751615343320_0.g,한식
150,무쏘 성대점,소고기구이,242,경기 수원시 장안구 서부로 2187 율전BD,4.09,031-271-8292,https://search.pstatic.net/common/?autoRotate=true&type=w560_sharpen&src=https://ldb-phinf.pstatic.net/20190922_114/15691428554979trzv_JPEG/GBPSzHplXhL0Rn6NRTkqcQ-Z.jpg,한식
151,자연김밥,김밥,755,경기 수원시 장안구 서부로 2113,4.48,031-291-9990,https://search.pstatic.net/common/?autoRotate=true&type=w560_sharpen&src=https://ldb-phinf.pstatic.net/20220203_192/1643869043994eL7fF_JPEG/Screenshot_20220203-150944_Gallery.jpg,분식
152,전설의치킨 성대점,"치킨,닭강정",424,경기 수원시 장안구 하률로12번길 4 율천프라자 104호,4.52,031-271-8295,https://search.pstatic.net/common/?autoRotate=true&type=w560_sharpen&src=https://ldb-phinf.pstatic.net/20151217_188/14503507824936QXKw_JPEG/167164505745245_6.jpeg,치킨
153,참바른김밥,김밥,879,경기 수원시 장안구 서부로2126번길 17 참바른김밥,4.37,031-295-8111,https://search.pstatic.net/common/?autoRotate=true&type=w560_sharpen&src=https://ldb-phinf.pstatic.net/20200822_13/15980879477439nC2d_JPEG/CA470LQjr0yCfaCOFle52iDx.jpg,분식
154,대동집 수원성균관대점,한식,291,경기 수원시 장안구 율전로108번길 15,4.42,0507-1361-9993,https://search.pstatic.net/common/?autoRotate=true&quality=95&type=w750&src=https://ldb-phinf.pstatic.net/20180911_202/1536670461838IjHmR_JPEG/G_ndU1NzpCVRr4x03m1ZoliS.jpg,한식
155,크림오리,"카페,디저트",91,경기 수원시 장안구 덕영대로425번길 41 1층 크림오리 카페,,0507-1411-6252,https://search.pstatic.net/common/?autoRotate=true&type=w560_sharpen&src=https://ldb-phinf.pstatic.net/20230326_130/1679817961008SS3mk_JPEG/KakaoTalk_20230208_110406746_03.jpg,카페
156,버터랏츠,베이커리,602,경기 수원시 장안구 서부로2181번길 29 1층,4.69,0507-1371-2044,https://search.pstatic.net/common/?autoRotate=true&type=w560_sharpen&src=https://ldb-phinf.pstatic.net/20200908_204/1599529147542QtDNi_JPEG/_cBHuZPrSodpWvSLccFek9r8.jpeg.jpg,카페
157,완미족발 수원성대점,"족발,보쌈",370,경기 수원시 장안구 서부로 2107,,031-295-9269,https://search.pstatic.net/common/?autoRotate=true&type=w560_sharpen&src=https://video-phinf.pstatic.net/20230822_278/1692668888735a9GQo_JPEG/eea7e1d3-408d-11ee-bd18-a0369ffab468_03.jpg,한식
158,성대왕돈까스,돈가스,234,경기 수원시 장안구 서부로2106번길 21,4.38,031-298-5415,https://search.pstatic.net/common/?autoRotate=true&type=w560_sharpen&src=https://ldb-phinf.pstatic.net/20230811_87/16917352572510tIdn_JPEG/20230811_151800.jpg,일식
159,배스킨라빈스 수원성대점,아이스크림,999+,경기 수원시 장안구 서부로 2119 1층,4.42,031-278-5050,https://search.pstatic.net/common/?autoRotate=true&quality=95&type=w750&src=https://ldb-phinf.pstatic.net/20190207_263/1549518073913VHxxg_JPEG/WzOVG98BAb-9oaMe84QYeDV3.jpg,카페
160,쉬즈베이글 수원성대점,"카페,디저트",355,경기 수원시 장안구 서부로2106번길 22,4.56,0507-877-3579,https://search.pstatic.net/common/?autoRotate=true&type=w560_sharpen&src=https://ldb-phinf.pstatic.net/20220321_224/1647864887877IgL0B_JPEG/%BD%AC%C1%EE%BA%A3%C0%CC%B1%DB_%B8%DE%B4%BA_%C8%AB%BA%B8_%C0%CC%B9%CC%C1%F6_18.,카페
161,도미노피자 율천점,피자,637,경기 수원시 장안구 하률로 3 1층,4.31,031-269-3008,https://search.pstatic.net/common/?autoRotate=true&quality=95&type=w750&src=https://ldb-phinf.pstatic.net/20190805_211/1564973506757fTup4_JPEG/U6XIrbRh1-XfDdLB-iTFckTt.jpg,피자
162,왕빈자삼파전 성대점,"전,빈대떡",146,경기 수원시 장안구 서부로2126번길 18,,031-292-5673,https://search.pstatic.net/common/?autoRotate=true&quality=95&type=w750&src=https://ldb-phinf.pstatic.net/20190130_87/1548847011139H10sS_JPEG/AE-h8LBVHX4xuixUdKFftHDN.jpeg.jpg,분식
163,르 디망슈,"카페,디저트",397,경기 수원시 장안구 율전로107번길 5 1층 르디망슈,4.61,0507-1426-0638,https://search.pstatic.net/common/?autoRotate=true&type=w560_sharpen&src=https://ldb-phinf.pstatic.net/20190612_121/1560273241360wRcJ4_JPEG/GawLQExZCRS_qfJbpu9ReP5R.jpeg.jpg,카페
164,정직유부 수원성대점,분식,69,경기 수원시 장안구 서부로2126번길 10,,0507-0289-3684,https://search.pstatic.net/common/?autoRotate=true&type=w560_sharpen&src=https://ldb-phinf.pstatic.net/20231130_49/1701312434748Asi4T_JPEG/%28%BD%C5%29%C1%A4%C1%F7%C0%AF%BA%CE_%B7%CE%B0%ED111-01.jpg,분식
165,샐러디치오도씨 수원성대점,샌드위치,146,경기 수원시 장안구 서부로2106번길 21 1층 4호,,0507-1468-1401,https://search.pstatic.net/common/?autoRotate=true&quality=95&type=w750&src=https://ldb-phinf.pstatic.net/20220923_217/1663919221403kGj62_PNG/3FFF20FC-961A-4F1A-9C25-D700C8486DBC.png,카페
166,만다,한식,234,경기 수원시 장안구 서부로2105번길 16-6,4.46,031-296-8848,https://search.pstatic.net/common/?autoRotate=true&quality=95&type=w750&src=https://apis.naver.com/place/panorama/thumbnail/37994565/0?width=800&height=400&msgpad=1715447224349&md=X68a4VRKCszwFS8MEQpqSFnlb5I%3D,한식
167,본죽&비빔밥cafe 수원천천점,죽,999+,경기 수원시 장안구 만석로5번길 12-10 중앙프라자 1층,,031-253-8884,https://search.pstatic.net/common/?autoRotate=true&type=w560_sharpen&src=https://ldb-phinf.pstatic.net/20240408_172/1712586425314YVGvU_PNG/do-messenger_screenshot.png,한식
168,피자헐 성대점,피자,281,경기 수원시 장안구 만석로5번길 12-10 중앙프라자 1층,,031-253-8884,https://search.pstatic.net/common/?autoRotate=true&type=w560_sharpen&src=https://ldb-phinf.pstatic.net/20240408_172/1712586425314YVGvU_PNG/do-messenger_screenshot.png,피자
169,빨간석쇠구이 성대점,"육류,고기요리",184,경기 수원시 장안구 서부로2105번길 26-3,4.71,0507-1379-0068,https://search.pstatic.net/common/?autoRotate=true&type=w560_sharpen&src=https://ldb-phinf.pstatic.net/20200219_282/1582075033946CmKke_JPEG/Kbk8W4B_fIitUwYusNcAPiv0.jpg,한식
170,경기수산직판장,생선회,399,경기 수원시 장안구 율전로97번길 4 경기수산직판장,4.45,031-292-2454,https://search.pstatic.net/common/?autoRotate=true&type=w560_sharpen&src=https://ldb-phinf.pstatic.net/20190617_73/1560741030199CFX1t_JPEG/K7_3wiwgjDWUTZk_ZFeIFmDR.jpg,한식
171,이까야,이자카야,62,경기 수원시 장안구 서부로2105번길 26-2,4.63,031-295-7716,https://search.pstatic.net/common/?autoRotate=true&type=w560_sharpen&src=https://ldb-phinf.pstatic.net/20170221_52/1487686897170t96b2_JPEG/186171635156908_0.jpeg,일식
172,쉐프의돈카츠,돈가스,152,경기 수원시 장안구 하률로 21 1층,4.43,0507-1366-2686,https://search.pstatic.net/common/?autoRotate=true&type=w560_sharpen&src=https://ldb-phinf.pstatic.net/20211010_268/1633842512730Wzy8I_JPEG/xktLRKK9nIXRZCWTTcA1tbOm.jpg,일식
173,땅스부대찌개 성대점,"찌개,전골",688,경기 수원시 장안구 율전로 107 105호,4.53,031-293-8599,https://search.pstatic.net/common/?autoRotate=true&type=w560_sharpen&src=https://ldb-phinf.pstatic.net/20191204_44/1575443603070F5hFW_JPEG/B2EXwj_a92XSCLFXMbF5x7lo.jpg,한식
174,BBQ치킨 수원성대역점,"치킨,닭강정",217,경기 수원시 장안구 서부로2126번길 27,4.22,031-295-9289,https://search.pstatic.net/common/?autoRotate=true&type=w560_sharpen&src=https://ldb-phinf.pstatic.net/20231013_15/16971783145770GpD8_PNG/%B9%E8%B4%DE%C0%C7%B9%CE%C1%B7_%B7%CE%B0%ED%28170x170px%29.png,치킨
175,우리동네스시신조,"초밥,롤",999+,경기 수원시 장안구 만석로19번길 25-5 2층,4.46,0507-1320-5582,https://search.pstatic.net/common/?autoRotate=true&type=w560_sharpen&src=https://ldb-phinf.pstatic.net/20161102_293/14780529022403CneD_JPEG/177051526460952_0.jpeg,일식
176,반한맛,한식,236,경기 수원시 장안구 서부로2167번길 52 반.한.맛,,0507-1411-3007,https://search.pstatic.net/common/?autoRotate=true&type=w560_sharpen&src=https://ldb-phinf.pstatic.net/20211127_204/1638021406138XxAna_JPEG/%B3%D7%C0%CC%B9%F6_%C7%C3%B7%B9%C0%CC%BD%BA_3.jpg,한식
177,한아스콘,베이커리,337,경기 수원시 장안구 율전로101번길 13 1층 한아스콘,4.73,0507-1443-3414,https://search.pstatic.net/common/?autoRotate=true&type=w560_sharpen&src=https://ldb-phinf.pstatic.net/20220414_101/1649941491464eR0Ai_JPEG/2022-04-05-13-31-39-961.jpg,카페
178,신전떡볶이 수원성대점,분식,666,경기 수원시 장안구 서부로 2107 1층,4.43,031-305-1080,https://search.pstatic.net/common/?autoRotate=true&type=w560_sharpen&src=https://ldb-phinf.pstatic.net/20240327_182/17115012918963S8WT_JPEG/1000009528.jpg,분식
179,하삼동커피 수원성균관대점,카페,819,경기 수원시 장안구 서부로2126번길 17 A동 상가3호,4.64,031-297-0708,https://search.pstatic.net/common/?autoRotate=true&type=w560_sharpen&src=https://ldb-phinf.pstatic.net/20200709_21/1594260728790qyAOY_JPEG/bzTFc5PImpWVJjZ82wJRK1q0.jpg,카페
180,이라부,술집,221,경기 수원시 장안구 서부로 2135 제일성모의원,4.61,0507-1479-1303,https://search.pstatic.net/common/?autoRotate=true&type=w560_sharpen&src=https://ldb-phinf.pstatic.net/20150901_118/1441116862521tc7cg_JPEG/156463523730823_0.jpeg,양식
181,한솥도시락 수원성대점,"도시락,컵밥",248,경기 수원시 장안구 서부로 2112,4.58,031-295-5113,https://search.pstatic.net/common/?autoRotate=true&type=w560_sharpen&src=https://ldb-phinf.pstatic.net/20201101_188/1604235055895kiBne_JPEG/PZPx6iRywrWOeFvPZdxlkS5m.jpg,한식
182,밥은화 수원 성균관대점,한식,80,경기 수원시 장안구 서부로2106번길 26-6 1층 밥은화,4.62,0507-1388-7948,https://search.pstatic.net/common/?autoRotate=true&type=w560_sharpen&src=https://ldb-phinf.pstatic.net/20190504_226/1556962040592cYQvq_JPEG/_vLVdIB0_OQoQbcpeVfMCoUh.jpeg.jpg,한식
183,오디디,카페,83,경기 수원시 장안구 율전로108번길 10-1 1층,4.93,0507-1364-8018,https://search.pstatic.net/common/?autoRotate=true&type=w560_sharpen&src=https://ldb-phinf.pstatic.net/20240320_165/1710913692721oreSu_JPEG/IMG_3687.jpeg,카페
184,안도,이자카야,117,경기 수원시 장안구 율전로 73 대우이안상가1동 1층 101호,,010-3254-4283,https://search.pstatic.net/common/?autoRotate=true&type=w560_sharpen&src=https://ldb-phinf.pstatic.net/20220217_289/1645090546890uU4nX_JPEG/1643881768787.jpg,일식
185,북한산조개구이,조개요리,188,경기 수원시 장안구 서부로2135번길 13,4.42,031-292-4855,https://search.pstatic.net/common/?autoRotate=true&type=w560_sharpen&src=https://ldb-phinf.pstatic.net/20190129_73/1548748111474jtHDF_JPEG/goxQhC74iv9WqFB9-lnG1QHC.jpeg.jpg,한식
186,보드람치킨 성대역점,"치킨,닭강정",510,경기 수원시 장안구 서부로2123번길 10,4.35,031-291-8535,https://search.pstatic.net/common/?autoRotate=true&type=w560_sharpen&src=https://ldb-phinf.pstatic.net/20200814_182/159739031488492Ytq_JPEG/4pklejusHf9ncRZPMrrOEzj_.jpg,치킨
187,밥밥디라라 수원성균관대점,한식,226,경기 수원시 장안구 서부로2106번길 26-3 1층 103호,,0507-1376-6750,https://search.pstatic.net/common/?autoRotate=true&type=w560_sharpen&src=https://ldb-phinf.pstatic.net/20240322_29/1711087139191zkvGS_JPEG/D8E18C2E-3C64-4EF2-A7AB-A893F10DFE6F.jpeg,한식
188,맘스터치 수원성균관대점,햄버거,999+,경기 수원시 장안구 서부로 2128,4.32,031-298-8305,https://search.pstatic.net/common/?autoRotate=true&quality=95&type=w750&src=https://ldb-phinf.pstatic.net/20230829_137/1693282401170BAq7o_PNG/%B7%CE%B0%ED_%C1%A4%B9%E6%C7%FC.png,버거
189,최고당돈가스 수원천천점,돈가스,999+,경기 수원시 장안구 만석로5번길 6 1층 최고당돈가스 천천점,,0507-1487-7977,https://search.pstatic.net/common/?autoRotate=true&type=w560_sharpen&src=https://ldb-phinf.pstatic.net/20220622_196/1655860863597zAqVK_JPEG/%C3%D6%B0%ED%B4%E7%B7%CE%B0%ED-1500x1500.jpg,일식
190,맥주거품 성균관대점,"맥주,호프",58,경기 수원시 장안구 율전로108번길 20 1층 105~107호,,031-293-0331,https://search.pstatic.net/common/?autoRotate=true&type=w560_sharpen&src=https://ldb-phinf.pstatic.net/20240122_241/1705873808725Q28M9_JPEG/1000004973.jpg,양식
191,희망김밥,김밥,69,경기 수원시 장안구 율전로97번길 15 102호,,031-295-9036,https://search.pstatic.net/common/?autoRotate=true&type=w560_sharpen&src=https://ldb-phinf.pstatic.net/20230517_284/1684329904541O1w6g_JPEG/IMG_4784.jpeg,분식
192,에그2000 커피&토스트 율전점,토스트,76,경기 수원시 장안구 율전로 107 1층 에그2000율전점,,0507-1432-2076,https://search.pstatic.net/common/?autoRotate=true&type=w560_sharpen&src=https://ldb-phinf.pstatic.net/20231109_82/1699485787740MnrD5_JPEG/%BF%A1%B1%D72000_%B9%E8%B4%DE%C7%C3%B7%A7%C6%FB_%B7%CE%B0%ED_%C8%AB%C0%B1%C8%AD_%B4%EB%C1%F6_1_%B4%EB%C1%F6_1.jpg,카페
193,가장맛있는족발 수원율전점,"족발,보쌈",229,경기 수원시 장안구 율전로98번길 7 1층 가장맛있는족발 수원율전점,,031-295-5849,https://search.pstatic.net/common/?autoRotate=true&type=w560_sharpen&src=https://ldb-phinf.pstatic.net/20180409_280/1523279528344KrnEY_JPEG/l0M4CGJCiHyU49s071jw2wIS.jpg,한식
194,화락바베큐치킨 수원성대점,"치킨,닭강정",241,경기 수원시 장안구 화산로233번길 42 1층,,031-294-7308,https://search.pstatic.net/common/?autoRotate=true&type=w560_sharpen&src=https://ldb-phinf.pstatic.net/20230604_95/1685880437525F1x7h_PNG/1.png,치킨
195,양지촌,양꼬치,136,경기 수원시 장안구 화산로213번길 25 1층 양지촌,,0507-1472-0826,https://search.pstatic.net/common/?autoRotate=true&quality=95&type=w750&src=https://ldb-phinf.pstatic.net/20230129_244/1674925332177VHHH8_JPEG/image0_%281%29.jpeg,아시안
196,가마로강정 성균관대점,"치킨,닭강정",533,경기 수원시 장안구 서부로 2129-1 1층 가마로강정,,031-227-7292,https://search.pstatic.net/common/?autoRotate=true&quality=95&type=w750&src=https://ldb-phinf.pstatic.net/20190129_199/1548748017578udlL5_JPEG/8JQEj5TyYZyIKh7uYLASK5Qo.jpeg.jpg,치킨
197,지장수본가전주콩나물국밥 2호점,국밥,426,경기 수원시 장안구 서부로2123번길 29,4.37,031-298-8878,https://search.pstatic.net/common/?autoRotate=true&quality=95&type=w750&src=https://ldb-phinf.pstatic.net/20201102_179/1604301866270dKrYS_JPEG/yGRDdtNYfdoEgMcLRIRCh-hV.jpg,한식
198,소문난김밥,김밥,272,경기 수원시 장안구 율전로 110 하나문구,4.39,031-243-5030,https://search.pstatic.net/common/?autoRotate=true&quality=95&type=w750&src=https://ldb-phinf.pstatic.net/20190131_63/1548915609150DMYWQ_JPEG/ipBUqmRdPbe-1V1yewqCcUtQ.jpeg.jpg,분식
199,성대족발보쌈,"족발,보쌈",90,경기 수원시 장안구 서부로2105번길 16-1,4.68,0507-1335-1089,https://search.pstatic.net/common/?autoRotate=true&type=w560_sharpen&src=https://ldb-phinf.pstatic.net/20230905_3/1693920913353UopSK_JPEG/Resized_IMG_5151%281%29.jpeg,한식
200,심,이자카야,31,경기 수원시 장안구 서부로2136번길 21,,1644-0001,https://search.pstatic.net/common/?autoRotate=true&quality=95&type=w750&src=https://ldb-phinf.pstatic.net/20190629_68/1561808131201QTqSd_JPEG/kbNRdeMpZN8ffx2BVv8W8YZl.jpg,일식
201,호시타코야끼 성대점,일식당,194,경기 수원시 장안구 서부로2106번길 26-3 1층 101호,,0507-1331-6496,https://search.pstatic.net/common/?autoRotate=true&quality=95&type=w750&src=https://ldb-phinf.pstatic.net/20240221_164/1708481669820pwhOJ_JPEG/20240221_110735.jpg,일식
202,롯데리아 수원성대,햄버거,999+,경기 수원시 장안구 서부로 2119 농협,4.28,031-293-7755,https://search.pstatic.net/common/?autoRotate=true&type=w560_sharpen&src=https://ldb-phinf.pstatic.net/20240207_300/1707268553325GfUKX_PNG/%BA%F1%BA%F6.png,버거
203,파리바게뜨 성균관대점,베이커리,999+,경기 수원시 장안구 서부로 2135 (율전동 286-4),4.38,031-294-6008,https://search.pstatic.net/common/?autoRotate=true&quality=95&type=w750&src=https://ldb-phinf.pstatic.net/20220413_136/1649837768986MtwMC_PNG/image.png,카페
204,부자국밥,국밥,213,경기 수원시 장안구 화산로233번길 46 부자국밥,4.36,031-296-3421,https://search.pstatic.net/common/?autoRotate=true&type=w560_sharpen&src=https://ldb-phinf.pstatic.net/20191229_117/1577584904391N9VOf_JPEG/J_DL9e61WegnLTZSan4cc4BJ.jpeg.jpg,한식
205,아마스빈 수원성균관대점,카페,680,경기 수원시 장안구 서부로 2130,4.47,0507-2093-5331,https://search.pstatic.net/common/?autoRotate=true&type=w560_sharpen&src=https://ldb-phinf.pstatic.net/20200302_290/1583081222982XC7MH_JPEG/sElBkFuWWpE6C9dzlC0OYxAI.jpg,카페
206,김엄마밥집 본점,한식,332,경기 수원시 장안구 덕영대로425번길 34,4.5,031-269-4894,https://search.pstatic.net/common/?autoRotate=true&quality=95&type=w750&src=https://ldb-phinf.pstatic.net/20201107_237/1604737841347UORM2_JPEG/CmeDj1koHR8h3y0ushjUH22K.jpg,한식
207,보배반점 성균관대점,중식당,144,경기 수원시 장안구 서부로 2132 2층,,0507-1351-8833,https://search.pstatic.net/common/?autoRotate=true&quality=95&type=w750&src=https://ldb-phinf.pstatic.net/20220607_173/1654574978313ImR6D_JPEG/KakaoTalk_20220307_164024906_01.jpg,중식
208,버거운버거 수원성균관대점,햄버거,210,경기 수원시 장안구 서부로2126번길 29 1층,,031-293-9266,https://search.pstatic.net/common/?autoRotate=true&quality=95&type=w750&src=https://ldb-phinf.pstatic.net/20220402_78/1648829493271bqO5S_JPEG/20220401_170433.jpg,버거
209,율전동,요리주점,117,경기 수원시 장안구 화산로233번길 59 2층 율전동,,0507-1393-4188,https://search.pstatic.net/common/?autoRotate=true&type=w560_sharpen&src=https://ldb-phinf.pstatic.net/20230725_168/1690283172031bcAv9_JPEG/1689523316674.jpg,양식
210,매머드익스프레스 수원성대역점,카페,999+,경기 수원시 장안구 서부로 2139 1층 매머드 익스프레스,4.43,031-278-3338,https://search.pstatic.net/common/?autoRotate=true&type=w560_sharpen&src=https://ldb-phinf.pstatic.net/20220222_86/1645530974281YPfsD_JPEG/C92B07CF-161C-420C-9C7C-36523699F715.jpeg,카페
211,이자카야 슌,이자카야,239,경기 수원시 장안구 서부로2105번길 26-5 1층,,031-297-7334,https://search.pstatic.net/common/?autoRotate=true&type=w560_sharpen&src=https://ldb-phinf.pstatic.net/20190617_1/1560756636426hlEXf_JPEG/z6Z7N8oKKxPR5bB2-9ZnWblW.jpg,일식
212,한마리정육식당,한식,88,경기 수원시 장안구 화산로233번길 52 1층,,0507-1359-8729,https://search.pstatic.net/common/?autoRotate=true&type=w560_sharpen&src=https://ldb-phinf.pstatic.net/20231005_40/1696507612250KH3i2_JPEG/Screenshot_20231005_210520_NAVER.jpg,한식
213,닥치고 삼겹살,돼지고기구이,20,경기 수원시 장안구 덕영대로445번길 12-8 1층 닥치고 삼겹살,,031-269-7757,https://search.pstatic.net/common/?autoRotate=true&type=w560_sharpen&src=https://ldb-phinf.pstatic.net/20231012_230/1697085405261YVRp4_JPEG/20231012_132623.jpg,한식
214,하남돼지집 수원천천점,돼지고기구이,351,경기 수원시 장안구 만석로19번길 11-3 태영프라자 2층 202호,4.14,0507-1354-9924,https://search.pstatic.net/common/?autoRotate=true&type=w560_sharpen&src=https://ldb-phinf.pstatic.net/20231207_155/1701955868929af8ff_JPEG/temp_file.jpg,한식
215,메가MGC커피 수원율전점,카페,999+,경기 수원시 장안구 서부로2105번길 16-4,4.51,031-296-6650,https://search.pstatic.net/common/?autoRotate=true&type=w560_sharpen&src=https://ldb-phinf.pstatic.net/20200721_77/1595323364666qWUBg_JPEG/CbTZevxBFH4SGTYi9_IN9vmr.jpeg.jpg,카페
216,BHC치킨 성대율전점,"치킨,닭강정",246,경기 수원시 장안구 서부로2181번길 40,4.36,031-268-0092,https://search.pstatic.net/common/?autoRotate=true&type=w560_sharpen&src=https://ldb-phinf.pstatic.net/20240418_185/1713399928785A5SIl_PNG/%BD%EE%B8%B6%C4%A1-%C4%DC%C5%D9%C3%F7.png,치킨
217,펀비어킹 수원 천천동점,"맥주,호프",170,경기 수원시 장안구 만석로19번길 11-7 대일프라자 2층,4.43,031-269-9066,https://search.pstatic.net/common/?autoRotate=true&type=w560_sharpen&src=https://ldb-phinf.pstatic.net/20231130_247/1701306786199LWdjm_JPEG/1._%B7%CE%B0%ED_%2824%B3%E2_1%BF%F9%BA%CE%C5%CD_%B4%D9%BD%C3_%BB%E7%BF%EB%29.jpg,양식
218,더카페라운지X페르케노 수원성대역점,카페,158,경기 수원시 장안구 서부로2126번길 10,,0507-1313-1660,https://search.pstatic.net/common/?autoRotate=true&type=w560_sharpen&src=https://ldb-phinf.pstatic.net/20240423_123/1713833240373EMPY8_JPEG/%B4%F5%C4%AB%C6%E4_2.jpg,카페
219,노랑통닭 성균관대점,"치킨,닭강정",377,경기 수원시 장안구 화산로213번길 32,4.23,031-292-9993,https://search.pstatic.net/common/?autoRotate=true&type=w560_sharpen&src=https://ldb-phinf.pstatic.net/20220331_42/1648729985144oqtg2_JPEG/%BF%E4%B1%E2%BF%E4_%BD%E6%B3%D7%C0%CF_%C3%D6%C1%BE_400x400.jpg,치킨
220,비어첸 수원성대점,"맥주,호프",103,경기 수원시 장안구 율전로108번길 14 1층,4.55,031-302-3242,https://search.pstatic.net/common/?autoRotate=true&type=w560_sharpen&src=https://ldb-phinf.pstatic.net/20210925_229/1632543548166vFNQB_JPEG/CnRyK8r6qQJ2tAcdNJSDz_4r.jpeg.jpg,양식
221,피자마루 수원천천점,피자,646,경기 수원시 장안구 만석로19번길 11-3 천천동 528-4 교육연구시설 (배진영),4.49,0507-1442-8285,https://search.pstatic.net/common/?autoRotate=true&type=w560_sharpen&src=https://ldb-phinf.pstatic.net/20220928_158/1664332885742ClitV_JPEG/%B7%CE%B0%ED%28560x560%29.jpg,피자
222,청진동해장국 율전성대점,해장국,389,경기 수원시 장안구 서부로2123번길 17 우신빌딩,4.37,0507-1341-2393,https://search.pstatic.net/common/?autoRotate=true&type=w560_sharpen&src=https://ldb-phinf.pstatic.net/20150901_5/1441046779681NI2y1_JPEG/SUBMIT_1376471659458_33061071.jpg,한식
223,청명포차,한식,79,"경기 수원시 장안구 서부로2123번길 20 105, 106호",,0507-1449-8964,https://search.pstatic.net/common/?autoRotate=true&type=w560_sharpen&src=https://ldb-phinf.pstatic.net/20240406_287/1712389701380kdPSG_JPEG/B7535E4A-905B-47F2-B99A-0342F13D432A.jpeg,한식
224,성대지붕,한식,32,경기 수원시 장안구 서부로2123번길 20 A동 2층 201호 성대지붕,,0507-1380-1619,https://search.pstatic.net/common/?autoRotate=true&type=w560_sharpen&src=https://ldb-phinf.pstatic.net/20230720_86/1689780211007yjQgt_PNG/%B0%AD%BE%C6%C1%F6%B8%C6%C1%D6.png,한식
225,리꼬리또,핫도그,150,경기 수원시 장안구 서부로2106번길 22 1층 리꼬리또,,031-294-3931,https://search.pstatic.net/common/?autoRotate=true&quality=95&type=w750&src=https://ldb-phinf.pstatic.net/20220301_5/1646107293512VGAuk_JPEG/KakaoTalk_20220301_122149273.jpg,카페
226,빽다방 수원성균관대역점,테이크아웃커피,906,경기 수원시 장안구 서부로 2129-1 태양공예가구,,031-292-0410,https://search.pstatic.net/common/?autoRotate=true&quality=95&type=w750&src=https://ldb-phinf.pstatic.net/20190129_210/1548747886351mkELx_JPEG/U-wuyCCy1vNYtg9JZtLzaYsW.jpeg.jpg,카페
227,싸가정곱창 & 담윤순대국 율전점,"곱창,막창,양",317,경기 수원시 장안구 서부로2126번길 27 1층 101호,4.5,031-293-1120,https://search.pstatic.net/common/?autoRotate=true&type=w560_sharpen&src=https://ldb-phinf.pstatic.net/20201217_248/1608191602440iMLoR_JPEG/U1JZhZYBCPd8zVu9kDVvvL8O.jpg,한식
228,오늘우동,한식,32,경기 수원시 장안구 서부로2126번길 15 1층,,0507-1322-2713,https://search.pstatic.net/common/?autoRotate=true&type=w560_sharpen&src=https://ldb-phinf.pstatic.net/20240110_229/1704883921091I0Ovk_JPEG/1704883102749-4.jpg,한식
229,따숲닭 치킨포차 특제염지로 맛있는 치맥생각날때,"치킨,닭강정",43,경기 수원시 장안구 화산로233번길 38 1층,,0507-1430-3210,https://search.pstatic.net/common/?autoRotate=true&type=w560_sharpen&src=https://video-phinf.pstatic.net/20240413_149/1713013441963DMOSI_JPEG/4a92a875-f996-11ee-9a3b-a0369ffdb318_03.jpg,치킨
230,금별맥주 성균관대역점,"맥주,호프",122,경기 수원시 장안구 화산로233번길 59 1층,,0507-1438-7040,https://search.pstatic.net/common/?autoRotate=true&type=w560_sharpen&src=https://video-phinf.pstatic.net/20240417_249/17133219728506HRTR_JPEG/a3cbb766-fc64-11ee-b053-3c15fb5ce593_03.jpg,양식
231,큰맘할매순대국 수원성대점,"순대,순댓국",408,경기 수원시 장안구 서부로 2131,,031-292-8293,https://search.pstatic.net/common/?autoRotate=true&quality=95&type=w750&src=https://ldb-phinf.pstatic.net/20190426_257/1556242852138o8NXJ_JPEG/8eYVC2c688j8e9aINbA89C5p.jpg,한식
232,크라운호프 수원성대점,"맥주,호프",237,경기 수원시 장안구 화산로213번길 32 1층,4.48,031-291-2713,https://search.pstatic.net/common/?autoRotate=true&type=w560_sharpen&src=https://ldb-phinf.pstatic.net/20221004_112/1664881303864oQXx1_JPEG/20221004_183354.jpg,양식
233,송원칼국수칡냉면,"칼국수,만두",127,경기 수원시 장안구 덕영대로425번길 8,,031-269-7848,https://search.pstatic.net/common/?autoRotate=true&type=w560_sharpen&src=https://ldb-phinf.pstatic.net/20200517_87/1589700430623OqaqE_JPEG/RhDCYorUQSZNb_QmJZb-Q7E9.jpg,한식
234,태영생막창,"곱창,막창,양",120,경기 수원시 장안구 율전로 95,4.33,031-298-8586,https://search.pstatic.net/common/?autoRotate=true&quality=95&type=w750&src=https://ldb-phinf.pstatic.net/20201104_111/16044830680613Cw67_JPEG/qENBeKytua973m6NLudGnS4N.jpg,한식
235,포레스트오늘숲 수원천천점,베트남음식,401,경기 수원시 장안구 만석로5번길 6 세화프라자 1층 103호,,0507-1444-9777,https://search.pstatic.net/common/?autoRotate=true&type=w560_sharpen&src=https://ldb-phinf.pstatic.net/20230208_290/1675783175725vOUA3_JPEG/20221122_132017.jpg,아시안
236,와인투고 수원성대역점,양식,311,경기 수원시 장안구 서부로2105번길 12 4층,,0507-1423-3699,https://search.pstatic.net/common/?autoRotate=true&type=w560_sharpen&src=https://ldb-phinf.pstatic.net/20240202_106/1706843895193Pad85_JPEG/wine_togo_48.jpg,양식
237,하루엔소쿠 수원성대점,돈가스,124,경기 수원시 장안구 율전로98번길 6-6 1층,,031-294-3177,https://search.pstatic.net/common/?autoRotate=true&type=w560_sharpen&src=https://ldb-phinf.pstatic.net/20240126_176/1706245316611CY6lV_JPEG/1.jpg,일식
238,동자설렁탕,"곰탕,설렁탕",341,경기 수원시 장안구 화산로213번길 23,,0507-1374-8542,https://search.pstatic.net/common/?autoRotate=true&type=w560_sharpen&src=https://ldb-phinf.pstatic.net/20200116_59/1579152765319surxC_JPEG/image.jpg,한식
239,대성장,중식당,108,경기 수원시 장안구 서부로2181번길 46-6,4.23,031-207-2020,https://search.pstatic.net/common/?autoRotate=true&type=w560_sharpen&src=https://ldb-phinf.pstatic.net/20240328_197/1711614025972UhseP_JPEG/IMG_8325.jpeg,중식
240,더맛구이구이쪽갈비 성대점,"육류,고기요리",290,경기 수원시 장안구 화산로233번길 41,,0507-1466-9280,https://search.pstatic.net/common/?autoRotate=true&type=w560_sharpen&src=https://ldb-phinf.pstatic.net/20211210_70/1639110090596n8ybs_JPEG/KakaoTalk_20211210_132014270_01.jpg,한식
241,중경마라탕 성균관대3호점,중식당,211,경기 수원시 장안구 서부로2106번길 10,4.57,031-278-9481,https://search.pstatic.net/common/?autoRotate=true&quality=95&type=w750&src=https://ldb-phinf.pstatic.net/20190918_271/1568807310368MvE0A_JPEG/Ji9sGaOAwCAFmvTTUO7JPm2X.jpg,중식
242,땅땅치킨 수원성대점,"치킨,닭강정",233,경기 수원시 장안구 서부로2123번길 17 명문컴퓨터학원,4.52,031-296-7770,https://search.pstatic.net/common/?autoRotate=true&type=w560_sharpen&src=https://ldb-phinf.pstatic.net/20240508_272/1715144148875SztHp_JPEG/photo_2024-05-08_13-55-28.jpg,치킨
243,마이요거트립,"카페,디저트",89,경기 수원시 장안구 화산로 235 104호 마이요거트립,,010-8021-3721,https://search.pstatic.net/common/?autoRotate=true&quality=95&type=w750&src=https://ldb-phinf.pstatic.net/20220831_121/1661927196793x98Iz_PNG/1661855901313.png,카페
244,닭강정스토리,"치킨,닭강정",472,경기 수원시 장안구 서부로2123번길 20,,031-294-9233,https://search.pstatic.net/common/?autoRotate=true&type=w560_sharpen&src=https://ldb-phinf.pstatic.net/20230525_236/16850110663001ImWT_JPEG/20230524_200143.jpg,치킨
245,피자스쿨 성대점,피자,90,경기 수원시 장안구 서부로2123번길 32,4.46,031-227-0802,https://search.pstatic.net/common/?autoRotate=true&quality=95&type=w750&src=https://ldb-phinf.pstatic.net/20200517_177/15896994758303NVVy_JPEG/N3naHNOsr0S3UO_N-tdikBWK.jpg,피자
246,심야스테이크 성대점,"스테이크,립",999+,경기 수원시 장안구 화산로233번길 10,4.6,031-278-2950,https://search.pstatic.net/common/?autoRotate=true&type=w560_sharpen&src=https://ldb-phinf.pstatic.net/20210215_237/1613397811073wULJY_JPEG/69h6TUZf5B-nNkPPtdFFZy07.jpg,양식
247,뚜레쥬르 성대율전점,베이커리,132,경기 수원시 장안구 율전로 105,4.4,031-227-0189,https://search.pstatic.net/common/?autoRotate=true&quality=95&type=w750&src=https://ldb-phinf.pstatic.net/20210106_72/1609892145530WzQVO_PNG/8_hfbMTE1Wa5P5y89_erZL6Y.png,카페
248,율전족발보쌈,"족발,보쌈",424,경기 수원시 장안구 서부로2181번길 4 주상복합,4.39,031-269-5689,https://search.pstatic.net/common/?autoRotate=true&type=w560_sharpen&src=https://ldb-phinf.pstatic.net/20150901_103/1441096242382O4iDJ_JPEG/156281608579638_0.jpeg,한식
249,카페다움,"카페,디저트",47,경기 수원시 장안구 서부로2126번길 9 성대프라자 3층 301호,,0507-1355-4129,https://search.pstatic.net/common/?autoRotate=true&type=w560_sharpen&src=https://ldb-phinf.pstatic.net/20221126_192/1669388492831FPli6_JPEG/20221121_172742.jpg,카페
250,모범닭발&오돌뼈율전동맛집 성대점,닭발,999+,경기 수원시 장안구 서부로2136번길 21 1층,,0507-1392-9868,https://search.pstatic.net/common/?autoRotate=true&type=w560_sharpen&src=https://ldb-phinf.pstatic.net/20240320_33/1710926468945v6kFo_JPEG/1000030679.jpg,한식
251,라홍방마라탕 수원천천점,마라탕,6,경기 수원시 장안구 만석로5번길 6 1층 102호,,0507-1492-0735,https://search.pstatic.net/common/?autoRotate=true&type=w560_sharpen&src=https://ldb-phinf.pstatic.net/20240328_198/1711612981092iVYOJ_PNG/%B6%F3%C8%AB%B9%E6%B8%B6%B6%F3%C5%C1_%C3%E0%BC%D2%B9%F6%C0%FC.png,중식
252,오군포차 성대점,포장마차,202,경기 수원시 장안구 서부로 2136 2층,,0507-1382-2452,https://search.pstatic.net/common/?autoRotate=true&quality=95&type=w750&src=https://ldb-phinf.pstatic.net/20240425_11/1714030452405sYj87_JPEG/KakaoTalk_20240425_160844790.jpg,한식
253,메가MGC커피 수원성균관대점,카페,619,경기 수원시 장안구 서부로 2125 율전빌딩 1층,,0507-1494-1391,https://search.pstatic.net/common/?autoRotate=true&quality=95&type=w750&src=https://ldb-phinf.pstatic.net/20231113_148/1699836156119Ex6Pk_JPEG/%B8%DE%B0%A1%C4%BF%C7%C7_%B7%CE%B0%ED.jpg,카페
254,컴포즈커피 수원성균관대점,카페,105,경기 수원시 장안구 서부로 2123 1층 102호,,031-297-1727,https://search.pstatic.net/common/?autoRotate=true&type=w560_sharpen&src=https://ldb-phinf.pstatic.net/20220622_204/1655865790666cX1dv_JPEG/KakaoTalk_Moim_79DPRwwu4JjHjnY6i0c91d0mmHzZ7l.jpg,카페
255,치킨마루 수원성대점,"치킨,닭강정",230,경기 수원시 장안구 덕영대로 429,4.23,031-297-5290,https://search.pstatic.net/common/?autoRotate=true&type=w560_sharpen&src=https://ldb-phinf.pstatic.net/20240221_238/170847919500933r5t_JPEG/%B8%F1%BB%EC%B7%CE%B8%C1_POP_%C3%D6%C1%BE_231227.jpg,치킨
256,놀부부대찌개 수원율전점,"찌개,전골",291,경기 수원시 장안구 서부로2135번길 13,4.32,031-291-1238,https://search.pstatic.net/common/?autoRotate=true&type=w560_sharpen&src=https://ldb-phinf.pstatic.net/20190611_224/1560241217796VA8ts_JPEG/9qe08W7ecR-7Oa5Z720PZtTm.jpg,한식
257,화원루,중식당,292,경기 수원시 장안구 서부로2126번길 17,4.32,031-298-8365,https://search.pstatic.net/common/?autoRotate=true&quality=95&type=w750&src=https://apis.naver.com/place/panorama/thumbnail/1321433699/0?width=800&height=400&msgpad=1715449071001&md=A%2BurdLq%2FxsK%2F2qHeixL0oC3DkuI%3D,중식
258,국수나무 수원율전점,국수,16,경기 수원시 장안구 서부로2123번길 10 1층,4.31,031-296-1002,https://search.pstatic.net/common/?autoRotate=true&quality=95&type=w750&src=https://ldb-phinf.pstatic.net/20201102_10/1604303013606fifvN_JPEG/BiYvh2Nr57Sct11Z0vx5MmeA.jpg,한식
259,이층식당,한식,10,경기 수원시 장안구 서부로2126번길 29 2층,,0507-1364-4832,https://search.pstatic.net/common/?autoRotate=true&quality=95&type=w750&src=https://ldb-phinf.pstatic.net/20240219_264/1708324111838OuKfH_JPEG/%B0%A1%B0%D4_%BB%E7%C1%F8.jpg,한식
260,만복국수집 수원성균관대점,요리주점,999+,경기 수원시 장안구 화산로233번길 10 1층 103호,,0507-1327-0436,https://search.pstatic.net/common/?autoRotate=true&type=w560_sharpen&src=https://ldb-phinf.pstatic.net/20240229_119/1709166387285F20mO_JPEG/%B4%F5%BA%D2%BE%EE_%C7%D1%C0%DC%BC%FA%28red%29.jpeg,양식
261,핵밥 수원성균관대점,덮밥,261,경기 수원시 장안구 서부로 2128 3층,,0507-1339-4157,https://search.pstatic.net/common/?autoRotate=true&type=w560_sharpen&src=https://ldb-phinf.pstatic.net/20230918_6/1695041503250rPGei_JPEG/1.jpg,한식
262,봉구스밥버거 성대2호점,분식,216,경기 수원시 장안구 서부로2126번길 30,4.4,031-291-0153,https://search.pstatic.net/common/?autoRotate=true&quality=95&type=w750&src=https://ldb-phinf.pstatic.net/20190130_221/1548826974285KayT5_JPEG/fFGWDWai2tl8xCFUu34mnNR1.jpeg.jpg,분식
263,스마일왕돈까스,돈가스,58,경기 수원시 장안구 화산로259번길 37 103호,4.47,0507-1392-4042,https://search.pstatic.net/common/?autoRotate=true&type=w560_sharpen&src=https://ldb-phinf.pstatic.net/20230526_64/1685098291099aJKyp_JPEG/%BD%BA%B8%B6%C0%CF%BF%D5%B5%B7%B1%EE%BD%BA.jpg,일식
264,본도시락 수원성균관대점,"도시락,컵밥",203,경기 수원시 장안구 서부로2126번길 30 삼전상가 나동9호,4.63,031-296-4282,https://search.pstatic.net/common/?autoRotate=true&type=w560_sharpen&src=https://ldb-phinf.pstatic.net/20240314_29/1710415406381QKU1n_JPEG/240314_3%BF%F9%BD%C5%B8%DE%B4%BA_%B3%D7%C0%CC%B9%F6%BD%BA%B8%B6%C6%AE%C7%C3%B7%B9%C0%CC%BD%BA.jpg,한식
265,썬더치킨 수원성균관대점,"치킨,닭강정",304,경기 수원시 장안구 율전로 102-5,4.43,031-292-5554,https://search.pstatic.net/common/?autoRotate=true&type=w560_sharpen&src=https://ldb-phinf.pstatic.net/20150901_251/1441053019615YoeLK_JPEG/SUBMIT_1378884808014_33238724.jpg,치킨
266,명랑핫도그 수원성대역점,핫도그,33,경기 수원시 장안구 서부로 2129-1,4.56,031-291-8838,https://search.pstatic.net/common/?autoRotate=true&type=w560_sharpen&src=https://ldb-phinf.pstatic.net/20230912_177/1694483641035g26zG_JPEG/%B8%ED%B6%FB%C7%D6%B5%B5%B1%D7_%B7%CE%B0%ED.jpg,분식
267,하진옛날통닭,"치킨,닭강정",179,경기 수원시 장안구 만석로19번길 11-3 1층 102호,,0507-1472-8923,https://search.pstatic.net/common/?autoRotate=true&quality=95&type=w750&src=https://ldb-phinf.pstatic.net/20231213_175/1702449923571regxB_JPEG/356F3E65-4588-4D37-9DB8-10EE1EE0A49A.jpeg,치킨
268,인피펍,"맥주,호프",140,경기 수원시 장안구 화산로233번길 35 2층 인피펍,4.35,031-294-9977,https://search.pstatic.net/common/?autoRotate=true&type=w560_sharpen&src=https://ldb-phinf.pstatic.net/20220429_105/1651238924289PwxRg_JPEG/1608006942508-11.jpg,양식
269,탕화쿵푸마라탕 성대점,마라탕,999+,경기 수원시 장안구 서부로2105번길 12 1층,,0507-1491-6780,https://search.pstatic.net/common/?autoRotate=true&type=w560_sharpen&src=https://ldb-phinf.pstatic.net/20230506_174/1683360043545k4DKb_JPEG/IMG_1438.jpeg,중식
270,메가MGC커피 수원상률초점,카페,418,경기 수원시 장안구 덕영대로425번길 44 1층,,0507-1416-6681,https://search.pstatic.net/common/?autoRotate=true&type=w560_sharpen&src=https://ldb-phinf.pstatic.net/20221204_151/1670164129598EYsE6_JPEG/KakaoTalk_20221204_232506621_01.jpg,카페
271,닐리 천천점,이탈리아음식,220,경기 수원시 장안구 만석로5번길 12-10 중앙프라자 104호,4.37,031-269-2349,https://search.pstatic.net/common/?autoRotate=true&type=w560_sharpen&src=https://ldb-phinf.pstatic.net/20150901_227/1441060077718fUuzd_JPEG/SUBMIT_1293067174160_13591582.jpg,양식
272,육회독존 성균관대점,"육류,고기요리",117,경기 수원시 장안구 화산로233번길 46,4.5,031-296-8009,https://search.pstatic.net/common/?autoRotate=true&type=w560_sharpen&src=https://ldb-phinf.pstatic.net/20190617_177/1560746087249jgnvz_JPEG/_1_M9-7JtljsPCItybsHB5id.jpg,한식
273,용수산,생선회,57,경기 수원시 장안구 서부로2197번길 47-1,4.66,0507-1448-6543,https://search.pstatic.net/common/?autoRotate=true&type=w560_sharpen&src=https://ldb-phinf.pstatic.net/20210323_152/16164592147155pCvA_JPEG/UW2B1i7A4wwrUchtMy_FShCh.jpg,한식
274,삼구포차 수원성대점,포장마차,93,경기 수원시 장안구 화산로233번길 52,,,https://search.pstatic.net/common/?autoRotate=true&quality=95&type=w750&src=https://apis.naver.com/place/panorama/thumbnail/1410074097/0?width=800&height=400&msgpad=1715449286432&md=XVEAx%2FbrXLVxZ%2BZFiFy9pz5hFDA%3D,한식
275,인쌩맥주 성균관대점,"맥주,호프",123,경기 수원시 장안구 서부로2123번길 17 1층 인쌩맥주 성균관대점,,010-2614-5998,https://search.pstatic.net/common/?autoRotate=true&type=w560_sharpen&src=https://ldb-phinf.pstatic.net/20230601_220/1685576974456EDDAd_JPEG/1685533479032.jpg,양식
276,월매랑삼겹이랑,돼지고기구이,164,경기 수원시 장안구 화산로213번길 11 연발탄,4.26,031-292-2389,https://search.pstatic.net/common/?autoRotate=true&type=w560_sharpen&src=https://ldb-phinf.pstatic.net/20190620_153/1560998988515qfXH2_JPEG/7QUJn9XDBTs2lYfPLZ-wqjtQ.jpg,한식
277,홍성마라미방 성균관대2호점,중식당,943,경기 수원시 장안구 율전로108번길 10-8,,031-309-2199,https://search.pstatic.net/common/?autoRotate=true&quality=95&type=w750&src=https://ldb-phinf.pstatic.net/20230526_251/1685074210595BXsDg_JPEG/IMG_0411.jpeg,중식
278,마라영웅 수원장안점,중식당,165,경기 수원시 장안구 만석로5번길 12-10 2층 마라영웅 수원장안점,,0507-1483-4443,https://search.pstatic.net/common/?autoRotate=true&type=w560_sharpen&src=https://ldb-phinf.pstatic.net/20220508_217/16519970938542UoIs_JPEG/IMG_2494.,중식
279,브링미파티,한식,88,경기 수원시 장안구 만석로19번길 11-3 태영프라자 205호,4.47,0507-1329-5156,https://search.pstatic.net/common/?autoRotate=true&type=w560_sharpen&src=https://ldb-phinf.pstatic.net/20230827_17/1693106297345KlyF4_PNG/A%C4%C6_%286%29.png,한식
280,앙포네,돼지고기구이,20,경기 수원시 장안구 화산로233번길 47 1층 앙포네,,010-7644-7623,https://search.pstatic.net/common/?autoRotate=true&type=w560_sharpen&src=https://ldb-phinf.pstatic.net/20230315_78/16788887490029elK6_JPEG/1678166324989.jpg,한식
